geo;indicator;1600;1700;1751;1765;1771;1774;1775;1778;1789;1791;1792;1800;1801;1815;1817;1820;1824;1827;1832;1836;1841;1843;1844;1850;1851;1854;1855;1860;1861;1864;1870;1871;1875;1877;1878;1879;1880;1881;1882;1883;1884;1885;1886;1887;1888;1889;1890;1891;1892;1893;1894;1895;1896;1897;1898;1899;1900;1901;1902;1903;1904;1905;1906;1907;1908;1909;1910;1911;1912;1913;1914;1916;1917;1918;1920;1921;1922;1926;1927;1930;1931;1932;1935;1936;1939;1940;1942;1943;1944;1945;1946;1947;1948;1949;1981;1986;1991;1996;2001
abw;data_quality_population;;;;;;;;;;;;5.0;;;;;;;;;;;;;;;;;;;;;;;;;;;;;;;;;;;;;;;;;;;;;;;;;;;;;;;;;;;;;;;;;;;;;;;;;;;;;;;;;;;;;;;
afg;data_quality_population;;;;;;;;;;;;5.0;;;;;;;;;;;;;;;;;;;;;;;;;;;;;;;;;;;;;;;;;;;;;;;;;;;;;;;;;;;;;;;;;;;;;;;;;;;;;;;;;;;;;;;
ago;data_quality_population;;;;;;;;;;;;5.0;;;;5.0;;;;;;;;;;;;;;;;;;;;;;;;;;;;;;;;;;;;;;;;;;;;;;;;;;;;;;;;;;;;;;;;;;;;;;2.0;;;;;;;;;;;;;
aia;data_quality_population;;;;;;;;;;;;5.0;;;;;;;;;;;;;;;;;;;;;;;;;;;;;;;;;;;;;;;;;;;;;;;;;;;;;;;;;;;;;;;;;;;;;;;;;;;;;;;;;;;;;;;
akr_a_dhe;data_quality_population;;;;;;;;;;;;5.0;;;;;;;;;;;;;;;;;;;;;;;;;;;;;;;;;;;;;;;;;;;;;;;;;;;;;;;;;;;;;;;;;;;;;;;;;;;;;;;;;;;;;;;
and;data_quality_population;;;;;;;;;;;;5.0;;;;5.0;;;;;;;;;;;;;;;;;;;;;;;;;;;;;;;;;;;;;;;;;;;;;;;;;;;;;;;;;;;;;;;;;;;;;;;;;;;;;;;;;;;
ant;data_quality_population;;;;;;;;;;;;5.0;;;;;;;;;;;;;;;;;;;;;;;;;;;;;;;;;;;;;;;;;;;;;;;;;;;;;;;;;;;;;;;;;;;;;;;;;;;;;;;;;;;;;;;
are;data_quality_population;;;;;;;;;;;;5.0;;;;;;;;;;;;;;;;;;;;;;;;;;;;;;;;;;;;;;;;;;;;;;;;;;;;;;;;;;;;;;;;;;;;;;;;;;;;;;;;;;;;;;;
arg;data_quality_population;;;;;;;;;;;;5.0;;;;;;;;;;;;;;;;;;;;;;;;;;;;;;;;;;;;;;;;;;;;;;;;;;;;;;;;;;;;;;;;;;;;;;;;;;;;;;;;;;;;;;;
arm;data_quality_population;;;;;;;;;;;;5.0;;;;;;;;;;;;;;;;;;;;;;;;;;;;;;;;;;;;;;;;;;;;;;;;;;;;;;;;;;;;;;;;;;;;;;;;;;;;;;;;;;;;;;;
asm;data_quality_population;;5.0;;;;;;;;;;4.0;;;;;;;;;;;;4.0;;;;;;;;;;;;;;;;;;;;;;;;;;;;;;;;;2.0;;;;;;;;;;;;2.0;;;;;;2.0;;;;;2.0;;;;;;2.0;;;;;;;;;;;;;
atg;data_quality_population;;;;;;;;;;;;5.0;;;;;;;;;;;;;2.0;;;;2.0;;;2.0;;;;;;2.0;;;;;;;;;;2.0;;;;;;;;;;2.0;;;;;;;;;;2.0;;;;;;;;2.0;;;;;;;;;;;;;;;2.0;;;;;;;;
aus;data_quality_population;5.0;5.0;;;;;;;;;;;;;;;;;;;;;;;;;;;;;;;;;;;;;;;;;;;;;;;;;;;;;;;;;;;;;;;;;;;;;;;;;;;;;;;;;;;;;;;;;;;;;;;;;
aze;data_quality_population;;;;;;;;;;;;5.0;;;;;;;;;;;;;;;;;;;;;;;;;;;;;;;;;;;;;;;;;;;;;;;;;;;;;;;;;;;;;;;;;;;;;;;;;;;;;;;;;;;;;;;
bdi;data_quality_population;;;;;;;;;;;;5.0;;;;5.0;;;;;;;;;;;;;;;;;;;;;;;;;;;;;;;;;;;;;;;;;;;;;;;;;;;;;;;;;;;;;;;;;;;;;;;;;;;;;;;;;;;
ben;data_quality_population;;;;;;;;;;;;5.0;;;;5.0;;;;;;;;;;;;;;;;;;;;;;;;;;;;;;;;;;;;;;;;;;;;;;;;;;;;;;;;;;;;;;;;;;;;;;;;;;;;;;;;;;;
bfa;data_quality_population;;;;;;;;;;;;5.0;;;;5.0;;;;;;;;;;;;;;;;;;;;;;;;;;;;;;;;;;;;;;;;;;;;;;;;;;;;;;;;;;;;;;;;;;;;;;;;;;;;;;;;;;;
bhr;data_quality_population;;;;;;;;;;;;5.0;;;;;;;;;;;;;;;;;;;;;;;;;;;;;;;;;;;;;;;;;;;;;;;;;;;;;;;;;;;;;;;;;;;;;;;;;;;;;;;;;;;;;;;
bhs;data_quality_population;;;;;;;;;;;;5.0;;;;;;;;;;;;;2.0;;;;2.0;;;2.0;;;;;;2.0;;;;;;;;;;2.0;;;;;;;;;;2.0;;;;;;;;;;2.0;;;;;;;;2.0;;;;;2.0;;;;;;;2.0;;;;;;;;;;;
bih;data_quality_population;;;;;;;;;;;;5.0;;;;;;;;;;;;;;;;;;;;;;;;;;;;;;;;;;;;;;;;;;;;;;;;;;;;;;;;;;;;;;;;;;;;;;;;;;;;;;;;;;;;;;;
blr;data_quality_population;;;;;;;;;;;;5.0;;;;;;;;;;;;;;;;;;;;;;;;;;;;;;;;;;;;;;;;;;;;;;;;;;;;;;;;;;;;;;;;;;;;;;;;;;;;;;;;;;;;;;;
blz;data_quality_population;;;;;;;;;;;;5.0;;;;;;;;;;;;;;;;;2.0;;;2.0;;;;;;2.0;;;;;;;;;;2.0;;;;;;;;;;2.0;;;;;;;;;;2.0;;;;;;;;2.0;;;;;2.0;;;;;;;;;;2.0;;;;;;;;
bmu;data_quality_population;;;;;;;;;;;;;;;;;;;;;;2.0;;;2.0;;;;2.0;;;2.0;;;;;;2.0;;;;;;;;;;2.0;;;;;;;;;;2.0;;;;;;;;;;2.0;;;;;;;;2.0;;;;;2.0;;;;2.0;;;;;;;;;;;;;;
bol;data_quality_population;;;;;;;;;;;;5.0;;;;;;;;;;;;;;;;;;;;;;;;;;;;;;;;;;;;;;;;;;;;;;;;;;;;;;;;;;;;;;;;;;;;;;;;;;;;;;;;;;;;;;;
bra;data_quality_population;4.0;4.0;;;;;;;;;;;;;;;;;;;;;;;;;;;;;;;;;;;;;;;;;;;;;;;;;;;;;;;;;;;;;;;;;;;;;;;;;;;;;;;;;;;;;;;;;;;;;;;;;
brb;data_quality_population;;;;;;;;;;;;5.0;;;;;;;;;;;;;2.0;;;;2.0;;;2.0;;;;;;2.0;;;;;;;;;;2.0;;;;;;;;;;2.0;;;;;;;;;;2.0;;;;;;;;2.0;;;;;;;;;;;;;;;2.0;;;;;;;;
brn;data_quality_population;;;;;;;;;;;;5.0;;;;;;;;;;;;;;;;;;;;;;;;;;;;;;;;;;;;;;;;;;;;;;;;;;;;;;;;2.0;;;;;;;;2.0;;;;;2.0;;;;;;;;;;;2.0;;;;;;;
btn;data_quality_population;;;;;;;;;;;;5.0;;;;;;;;;;;;;;;;;;;;;;;;;;;;;;;;;;;;;;;;;;;;;;;;;;;;;;;;;;;;;;;;;;;;;;;;;;;;;;;;;;;;;;;
bwa;data_quality_population;;;;;;;;;;;;5.0;;;;;;;;;;;;;;;;;;;;;;;;;;;;;;;;;;;;;;;;;;;;;;;;;2.0;;;;;;;2.0;;;;;;;;2.0;;;;;;;;2.0;;;;;;;3.0;;;;;;;;
caf;data_quality_population;;;;;;;;;;;;5.0;;;;5.0;;;;;;;;;;;;;;;;;;;;;;;;;;;;;;;;;;;;;;;;;;;;;;;;;;;;;;;;;;;;;;;;;;;;2.0;;;;;;;;;;;;;;;
cck;data_quality_population;2.0;;;;;;;;;;;;;;;2.0;;;;3.0;;;;;;;;;;;;;;;;;;;;;;;;;;;;;;;;;;;;;;;;;;;;;;;;;;;;;;;;;;;;;;;;;;;;;;;;;;;;;;;
chanisl;data_quality_population;;;;;;;;;;;;5.0;;;;5.0;;;;;;;;;;;;;;;;;;;;;;;;;;;;;;;;;;;;;;;;;;;;;;;;;;;;;;;;;;;;;;;;;;;;;;;;;;;;;;;;;;;
chl;data_quality_population;;;;;;;;;;;;5.0;;;;;;;;;;;;;;;;;;;;;;;;;;;;;;;;;;;;;;;;;;;;;;;;;;;;;;;;;;;;;;;;;;;;;;;;;;;;;;;;;;;;;;;
civ;data_quality_population;;;;;;;;;;;;5.0;;;;5.0;;;;;;;;;;;;;;;;;;;;;;;;;;;;;;;;;;;;;;;;;;;;;;;;;;;;;;;;;;;;;;;;;;;;;;;;;;;;;;;;;;;
cmr;data_quality_population;;;;;;;;;;;;5.0;;;;5.0;;;;;;;;;;;;;;;;;;;;;;;;;;;;;;;;;;;;;;;;;;;;;;;;;;;;;;;;;;;;;;3.0;;;3.0;;;3.0;;;;;;;;;;;;;;;
cod;data_quality_population;;;;;;;;;;;;5.0;;;;5.0;;;;;;;;;;;;;;;;;;;;;;;;;;;;;;;;;;;;;;;;;;;;;;;;;;;;;;;;;;;;;;;;;;;;;;;;;;;;;;;;;;;
cog;data_quality_population;;;;;;;;;;;;5.0;;;;5.0;;;;;;;;;;;;;;;;;;;;;;;;;;;;;;;;;;;;;;;;;;;;;;;;;;;;;;;;;;;;;;;;;;;;;;;;;;;;;;;;;;;
cok;data_quality_population;;5.0;;;;;;;;;;4.0;;;;;;;;;;;;;;;;;;;;;;;;;;;;;;;;;;;;;;;;;;;;;;;2.0;;;;2.0;;;;;2.0;;;;2.0;;;;2.0;;2.0;;;;;;2.0;;;;;;2.0;;;;;;;;;
col;data_quality_population;;;;;;;;;;;;5.0;;;;;;;;;;;;;;;;;;;;;;;;;;;;;;;;;;;;;;;;;;;;;;;;;;;;;;;;;;;;;;;;;;;;;;;;;;;;;;;;;;;;;;;
com;data_quality_population;;;;;;;;;;;;5.0;;;;5.0;;;;;;;;;;;;;;;;;;;;;;;;;;;;;;;;;;;;;;;;;;;;;;;;;;;;;;;;;;;;;;;;;;;;;;;;;;;;;;;;;;;
cpv;data_quality_population;;;;;;;;;;;;5.0;;;;5.0;;;;;;;;;;;;;;;;;;;;;;;;;;;;;;;;;;;;;;;;;;;;;;;;;;;;;;;;;;;;;;;;;;;;;;;;;;;;;;;;;;;
cri;data_quality_population;;3.0;3.0;;;;;3.0;;;;;3.0;;;;2.0;;;2.0;;;3.0;;;;;;;2.0;;;2.0;;;;;;;2.0;;;;;;;;;2.0;;;;;;;;;;;;;;;;;;;;;;;;;;;;;;;;;;;;;;;;;;;;;;;;;;
cub;data_quality_population;;;;;;2.0;;;;;2.0;;;;2.0;;;2.0;;;2.0;;;;;;;;2.0;;;;;2.0;;;;;;;;;;2.0;;;;;;;;;;;;;;;;;;;;;;;;;;;;;;;;;;;;;;;;;;;;;;;;;;;;;;;
cxr;data_quality_population;2.0;;;;;;;;;;;;;;;;;;;;;;;;;;;;;;;;;;;;;;;;;;;;2.0;;;;;;;;;;;;;;;;;;;;;;;;;;;;;;;;;;;;;;;;;;;4.0;;;;;;;;;;;
cym;data_quality_population;;;;;;;;;;;;5.0;;;;;;;;;;;;;;;;;;;;;;;;;;;;;;;;;;;;2.0;;;;;;;;;;;;;;;;;;;;2.0;;;;;;;;2.0;;;;;;;;;;;;2.0;;;;;;;;;;;
cyp;data_quality_population;;;;;;;;;;;;;;;;;;;;;;;;;;;;;;;;;;;;;;2.0;;;;;;;;;;2.0;;;;;;;;;;2.0;;;;;;;;;;2.0;;;;;;;;2.0;;;;;2.0;;;;;;;;;;2.0;;;;;;;;
cze;data_quality_population;;;;;;;;;;;;5.0;;;;;;;;;;;;;;;;;;;;;;;;;;;;;;;;;;;;;;;;;;;;;;;;;;;;;;;;;;;;;;;;;;;;;;;;;;;;;;;;;;;;;;;
deu_east;data_quality_population;;;;;;;;;;;;5.0;;;;;;;;;;;;;;;;;;;;;;;;;;;;;;;;;;;;;;;;;;;;;;;;;;;;;;;;;;;;;;;;;;;;;;;;;;;;;;;;;;;;;;;
deu_west;data_quality_population;;;;;;;;;;;;5.0;;;;;;;;;;;;;;;;;;;;;;;;;;;;;;;;;;;;;;;;;;;;;;;;;;;;;;;;;;;;;;;;;;;;;;;;;;;;;;;;;;;;;;;
dji;data_quality_population;;;;;;;;;;;;5.0;;;;5.0;;;;;;;;;;;;;;;;;;;;;;;;;;;;;;;;;;;;;;;;;;;;;;;;;;;;;;;;;;;;;;;;;;;;;;;;;;;;;;;;;;;
dma;data_quality_population;;;;;;;;;;;;5.0;;;;;;;;;;;2.0;;;;;;2.0;;;2.0;;;;;;2.0;;;;;;;;;;2.0;;;;;;;;;;2.0;;;;;;;;;;2.0;;;;;;;;2.0;;;;;;;;;;;;;;;2.0;;;;;;;;
dom;data_quality_population;;;;;;;;;;;;5.0;;;;;;;;;;;;;;;;;;;;;;;;;;;;;;;;;;;;;;;;;;;;;;;;;;;;;;;;;;;;;;;;;;;;;;;;;;;;;;;;;;;;;;;
ecu;data_quality_population;;;;;;;;;;;;5.0;;;;;;;;;;;;;;;;;;;;;;;;;;;;;;;;;;;;;;;;;;;;;;;;;;;;;;;;;;;;;;;;;;;;;;;;;;;;;;;;;;;;;;;
egy;data_quality_population;;;;;;;;;;;;;;;;3.0;;;;;;;;;;;;;;;3.0;;;;;;;;;;;;;;;;;;;;;;;;;;;;;;;;;;;;;;;;;;;;;;;;;;;;;;;;;;;;;;;;;;;;
eri;data_quality_population;;;;;;;;;;;;5.0;;;;;;;;;;;;;;;;;;;;;;;;;;;;;;;;;;;;;;;;;;;;;;;;;;;;;;;;;;;;;;;;;;;;;;;;;;;;;;;;;;;;;;;
esh;data_quality_population;;;;;;;;;;;;5.0;;;;5.0;;;;;;;;;;;;;;;;;;;;;;;;;;;;;;;;;;;;;;;;;;;;;;;;;;;;;;;;;;;;;;;;;;;;;;;;;;;;;;;;;;;
est;data_quality_population;;;;;;;;;;;;5.0;;;;;;;;;;;;;;;;;;;;;;;;;;;;;;;;;;;;;;;;;;;;;;;;;;;;;;;;;;;;;;;;;;;;;;;;;;;;;;;;;;;;;;;
eth;data_quality_population;;;;;;;;;;;;5.0;;;;;;;;;;;;;;;;;;;;;;;;;;;;;;;;;;;;;;;;;;;;;;;;;;;;;;;;;;;;;;;;;;;;;;;;;;;;;;;;;;;;;;;
fji;data_quality_population;;5.0;;;;;;;;;;4.0;;;;;;;;;;;;;;;;;;;;;;;;;;2.0;;;;;;;;;;2.0;;;;;;;;;;2.0;;;;;;;;;;2.0;;;;;;;;2.0;;;;;;;;2.0;;;;;;;2.0;;;;;;;;
flk;data_quality_population;;;;;;;;;;;;5.0;;;;;;;;;;;;4.0;;;;;;;;;;;;;;;;;;;;;;;;;;;;;;;;;;;;;;;;;;;;;;;;;;;;;;;;;;;;;;;;;;;;;;;;;;;
fro;data_quality_population;;;;;;;;;;;;5.0;;;;5.0;;;;;;;;;;;;;;;;;;;;;;;;;;;;;;;;;;;;;;;;;;;;;;;;;;;;;;;;;;;;;;;;;;;;;;;;;;;;;;;;;;;
fsm;data_quality_population;;;;;;;;;;;;5.0;;;;;;;;;;;;;;;;;;;;;;;;;;;;;;;;;;;;;;;;;;;;;;;;;;;;;;;;;;;;;;;;;;;;;;;;;;;;;;;;;;;;;;;
gab;data_quality_population;;;;;;;;;;;;5.0;;;;5.0;;;;;;;;;;;;;;;;;;;;;;;;;;;;;;;;;;;;;;;;;;;;;;;;;;;;;;;;;;;;;;;;;;;;;;;;;;;;;;;;;;;
gbg;data_quality_population;;;;;;;;;;;;5.0;;;;5.0;;;;;;;;;;;;;;;;;;;;;;;;;;;;;;;;;;;;;;;;;;;;;;;;;;;;;;;;;;;;;;;;;;;;;;;;;;;;;;;;;;;
gbm;data_quality_population;;;;;;;;;;;;5.0;;;;5.0;;;;;;;;;;;;;;;;;;;;;;;;;;;;;;;;;;;;;;;;;;;;;;;;;;;;;;;;;;;;;;;;;;;;;;;;;;;;;;;;;;;
geo;data_quality_population;;;;;;;;;;;;5.0;;;;;;;;;;;;;;;;;;;;;;;;;;;;;;;;;;;;;;;;;;;;;;;;;;;;;;;;;;;;;;;;;;;;;;;;;;;;;;;;;;;;;;;
gha;data_quality_population;;;;;;;;;;;;5.0;;;;5.0;;;;;;;;;;;;;;;;;;;;;;;;;;;;;;;;;;;;;;;;;;;;;;;;;;;;;;;;;;;;;;;;;;;;;;;;;;;;;;;;;;;
gib;data_quality_population;;;;;;;;;;;;5.0;;;;5.0;;;;;;;;;;;;;;;;;;;;;;;;;;;;;;;;;;;;;;;;;;;;;;;;;;;;;;;;;;;;;;;;;;;;;;;;;;;;;;;;;;;
gin;data_quality_population;;;;;;;;;;;;5.0;;;;5.0;;;;;;;;;;;;;;;;;;;;;;;;;;;;;;;;;;;;;;;;;;;;;;;;;;;;;;;;;;;;;;;;;;;;;;;;;;;;;;;;;;;
glp;data_quality_population;;;;;;;;;;;;5.0;;;;;;;;;;;;;;;;;;;;;;;;;;;;;;;;;;;;;;;;;;;;;;;;;;;;;;;;;;;;;;;;;;;;;;;;;;;;;;;;;;;;;;;
gmb;data_quality_population;;;;;;;;;;;;5.0;;;;5.0;;;;;;;;;;;;;;;;;;;;;;;;;;;;;;;;;;;;;;;;;;;;;;;;;;;;;;;;;;;;;;;;;;;;;;;;;;;;;;;;;;;
gnb;data_quality_population;;;;;;;;;;;;5.0;;;;5.0;;;;;;;;;;;;;;;;;;;;;;;;;;;;;;;;;;;;;;;;;;;;;;;;;;;;;;;;;;;;;;;;;;;;;;;;;;;;;;;;;;;
gnq;data_quality_population;;;;;;;;;;;;5.0;;;;5.0;;;;;;;;;;;;;;;;;;;;;;;;;;;;;;;;;;;;;;;;;;;;;;;;;;;;;;;;;;;2.0;;;;;;;2.0;;;;;2.0;;;;;;;;;;;;
grd;data_quality_population;;;;;;;;;;;;5.0;;;;;;;;;;;;;2.0;;;;2.0;;;2.0;;;;;;2.0;;;;;;;;;;2.0;;;;;;;;;;2.0;;;;;;;;;;2.0;;;;;;;;2.0;;;;;;;;;;;;;;;2.0;;;;;;;;
grl;data_quality_population;;;;;;;;;;;;5.0;;;;5.0;;;;;;;;;;;;;;;;;;;;;;;;;;;;;;;;;;;;;;;;;;;;;;;;;;;;;;;;;;;;;;;;;;;;;;;;;;;;;;;;;;;
gtm;data_quality_population;;;;;2.0;;;;;;;;;;;;;;;;;;;;;;;;;;;;;;;;;;;;;;;;;;;;;;;;;;;;;;;;;;;;;;;;;;;;;;;;;;;;;;;;;;;;;;;;;;;;;;
guf;data_quality_population;;;;;;;;;;;;5.0;;;;;;;;;;;;;;;;;;;;;;;;;;;;;;;;;;;;;;;;;;;;;;;;;;;;;;;;;;;;;;;;;;;;;;;;;;;;;;;;;;;;;;;
gum;data_quality_population;;;;;;;;;;;;;;;;;;;;;;;;;;;;;;;;;;;;;;;;;;;;;;;;;;;;;;;;;;2.0;;;;;;;;;2.0;;;;;;;;2.0;;;;;2.0;;;;;;2.0;;;;;;;;;;;;;
guy;data_quality_population;;;;;;;;;;;;5.0;;;;;;;;;;;;;;;;;;;;;;;;;;;;;;;;;;;;;;;;;;;;;;;;;;;;;;;;;;;;;;;;;;;;;;;;;;;;;;;;;;;;;;;
hkg;data_quality_population;;;;;;;;;;;;5.0;;;;;;;;;;;;;;;;;;;;;;;;;;;;;;;;;;;;;;;;;;;;;;;;;;;;;;;;;;;;;;;;;;;;;;;;;;;;;;;;;;;;;;;
hnd;data_quality_population;;;;;;;;;;2.0;;;2.0;;;;;;;;;;;;;;;;;;;;;;;;;;;;;;;;;;;;;;;;;;;;;;;;;;;;;;;;;;;;;;;;;;;;;;;;;;;;;;;;;;;;;;
hos;data_quality_population;;;;;;;;;;;;5.0;;;;;;;;;;;;;;;;;;;;;;;;;;;;;;;;;;;;;;;;;;;;;;;;;;;;;;;;;;;;;;;;;;;;;;;;;;;;;;;;;;;;;;;
hrv;data_quality_population;;;;;;;;;;;;5.0;;;;;;;;;;;;;;;;;;;;;;;;;;;;;;;;;;;;;;;;;;;;;;;;;;;;;;;;;;;;;;;;;;;;;;;;;;;;;;;;;;;;;;;
hti;data_quality_population;;;;;;;;;;;;5.0;;;;;;;;;;;;;;;;;;;;;;;;;;;;;;;;;;;;;;;;;;;;;;;;;;;;;;;;;;;;;;;;;;;;;;;;;;;;;;;;;;;;;;;
isl;data_quality_population;;;;;;;;;;;;5.0;;;;5.0;;;;;;;;;;;;;;;;;;;;;;;;;;;;;;;;;;;;;;;;;;;;;;;;;;;;;;;;;;;;;;;;;;;;;;;;;;;;;;;;;;;
isr;data_quality_population;;;;;;;;;;;;5.0;;;;;;;;;;;;4.0;;;;4.0;;;;;;3.0;3.0;3.0;3.0;3.0;3.0;3.0;3.0;3.0;3.0;3.0;3.0;3.0;3.0;3.0;3.0;3.0;3.0;3.0;3.0;3.0;3.0;3.0;3.0;3.0;3.0;3.0;3.0;3.0;3.0;3.0;3.0;3.0;3.0;3.0;3.0;3.0;3.0;;;4.0;;;3.0;;;;2.0;;;;;;;;;;3.0;;;;;;;;
jam;data_quality_population;;;;;;;;;;;;5.0;;;;;;;;;;;;;;;;;;;;;;;;;;;;;;;;;;;;;;;;;;;;;;;;;;;;;;;;;;;;;;;;;;;;;;;;;;;;;;;;;;;;;;;
jey;data_quality_population;;;;;;;;;;;;5.0;;;;5.0;;;;;;;;;;;;;;;;;;;;;;;;;;;;;;;;;;;;;;;;;;;;;;;;;;;;;;;;;;;;;;;;;;;;;;;;;;;;;;;;;;;
jor;data_quality_population;;;;;;;;;;;;5.0;;;;;;;;;;;;;;;;;;;;;;;;;;;;;;;;;;;;;;;;;;;;;;;;;;;;;;;;;;;;;;;;;;;;;;;;;;;;;;;;;;;;;;;
kaz;data_quality_population;;;;;;;;;;;;5.0;;;;;;;;;;;;;;;;;;;;;;;;;;;;;;;;;;;;;;;;;;;;;;;;;;;;;;;;;;;;;;;;;;;;;;;;;;;;;;;;;;;;;;;
ken;data_quality_population;;;;;;;;;;;;5.0;;;;;;;;;;;;;;;;;;;;;;;;;;;;;;;;;;;;;;;;;;;;;;;;;;;;;;;;;;;;;;;;3.0;;;;;3.0;;;;;;;;;;;;;2.0;;;;;
kgz;data_quality_population;;;;;;;;;;;;5.0;;;;;;;;;;;;;;;;;;;;;;;;;;;;;;;;;;;;;;;;;;;;;;;;;;;;;;;;;;;;;;;;;;;;;;;;;;;;;;;;;;;;;;;
khm;data_quality_population;;;;;;;;;;;;5.0;;;;;;;;;;;;;;;;;;;;;;;;;;;;;;;;;;;;;;;;;;;;;;;;;;;;;;;;;;;;;;;;;;;;;;;;;;;;;;;;;;;;;;;
kir;data_quality_population;;;;;;;;;;;;5.0;;;;;;;;;;;;;;;;;;;;;;;;;;;;;;;;;;;;;;;;;;;;;;;;;;;;;;;;;;;;;;;;;;;;;;;;;;;;;;;;;;;;;;;
kna;data_quality_population;;;;;;;;;;;;5.0;;;;;;;;;;;;;;;;;;;;;;;;;;;;;;;;;;;;;;;;;;;;;;;;;;;;;;;;;;;;;;;;;;;;;;;;;;;;;;;;;;;;;;;
kor;data_quality_population;;;;;;;;;;;;5.0;;;;;;;;;;;;;;;;;;;;;;;;;;;;;;;;;;;;;;;;;;;;;;;;;;;;;;;;;;;;;;;;;;;;;;;;;;;;;;;;;;;;;;;
kos;data_quality_population;;;;;;;;;;;;5.0;;;;;;;;;;;;;;;;;;;;;;;;;;;;;;;;;;;;;;;;;;;;;;;;;;;;;;;;;;;;;;;;;;;;;;;;;;;;;;;;;;;;;;;
kwt;data_quality_population;;;;;;;;;;;;5.0;;;;;;;;;;;;;;;;;;;;;;;;;;;;;;;;;;;;;;;;;;;;;;;;;;;;;;;;;;;;;;;;;;;;;;;;;;;;;;;;;;;;;;;
lao;data_quality_population;;;;;;;;;;;;5.0;;;;;;;;;;;;;;;;;;;;;;;;;;;;;;;;;;;;;;;;;;;;;;;;;;;;;;;;;;;;;;;;;;;;;;;;;;;;;;;;;;;;;;;
lbn;data_quality_population;;;;;;;;;;;;5.0;;;;;;;;;;;;;;;;;;;;;;;;;;;;;;;;;;;;;;;;;;;;;;;;;;;;;;;;;;;;;;;;;;;;;;;;;;;;;;;;;;;;;;;
lbr;data_quality_population;;;;;;;;;;;;5.0;;;;5.0;;;;;;;;;;;;;;;;;;;;;;;;;;;;;;;;;;;;;;;;;;;;;;;;;;;;;;;;;;;;;;;;;;;;;;;;;;;;;;;;;;;
lca;data_quality_population;;;;;;;;;;;;5.0;;;;;;;;;;;;;2.0;;;;2.0;;;2.0;;;;;;2.0;;;;;;;;;;2.0;;;;;;;;;;2.0;;;;;;;;;;2.0;;;;;;;;2.0;;;;;;;;;;;;;;;2.0;;;;;;;;
lie;data_quality_population;;;;;;;;;;;;5.0;;;;5.0;;;;;;;;;;;;;;;;;;;;;;;;;;;;;;;;;;;;;;;;;;;;;;;;;;;;;;;;;;;;;;;;;;;;;;;;;;;;;;;;;;;
lka;data_quality_population;;;;;;;;;;;;5.0;;;;;;;;;;;;;;;;;;;;;;;;;;;;;;;;;;;;;;;;;;;;;;;;;;;;;;;;;;;;;;;;;;;;;;;;;;;;;;;;;;;;;;;
lso;data_quality_population;;;;;;;;;;;;5.0;;;;5.0;;;;;;;;;;;;;;;;;;;;;;;;;;;;;;;;;;;;;;;;;;;;;;;;;;;;;;;;;;;;;;;;;;;;;;;;;;;;;;;;;;;
ltu;data_quality_population;;;;;;;;;;;;5.0;;;;;;;;;;;;;;;;;;;;;;;;;;;;;;;;;;;;;;;;;;;;;;;;;;;;;;;;;;;;;;;;;;;;;;;;;;;;;;;;;;;;;;;
lux;data_quality_population;;;;;;;;;;;;5.0;;;;5.0;;;;;;;;;;;;;;;;;;;;;;;;;;;;;;;;;;;;;;;;;;;;;;;;;;;;;;;;;;;;;;;;;;;;;;;;;;;;;;;;;;;
lva;data_quality_population;;;;;;;;;;;;5.0;;;;;;;;;;;;;;;;;;;;;;;;;;;;;;;;;;;;;;;;;;;;;;;;;;;;;;;;;;;;;;;;;;;;;;;;;;;;;;;;;;;;;;;
mac;data_quality_population;;;;;;;;;;;;;;;;;;;;;;;;;;;;;;;;;;;;;;;;;;;;;;;;;;;;;;;;;2.0;;;;;;;;;;2.0;;;;;;;;2.0;;;;2.0;;;;;;;2.0;;;;;;;;;;;;;
mco;data_quality_population;;;;;;;;;;;;5.0;;;;5.0;;;;;;;;;;;;;;;;;;;;;;;;;;;;;;;;;;;;;;;;;;;;;;;;;;;;;;;;;;;;;;;;;;;;;;;;;;;;;;;;;;;
mda;data_quality_population;;;;;;;;;;;;5.0;;;;;;;;;;;;;;;;;;;;;;;;;;;;;;;;;;;;;;;;;;;;;;;;;;;;;;;;;;;;;;;;;;;;;;;;;;;;;;;;;;;;;;;
mdv;data_quality_population;;;;;;;;;;;;5.0;;;;;;;;;;;;;;;;;;;;;;;;;;;;;;;;;;;;;;;;;;;;;;;;;;;;;;;;2.0;;;;;;;;2.0;;;;;2.0;;;;;;;;;;2.0;;;;;;;;
mex;data_quality_population;4.0;4.0;;;;;;;;;;;;;;;;;;;;;;;;;;;;;;;;;;;;;;;;;;;;;;;;;;;;;;;;;;;;;;;;;;;;;;;;;;;;;;;;;;;;;;;;;;;;;;;;;
mhl;data_quality_population;;;;;;;;;;;;5.0;;;;;;;;;;;;;;;;;;;;;;;;;;;;;;;;;;;;;;;;;;;;;;;;;;;;;;;;;;;;;;;;;;;;;;;;;;;;;;;;;;;;;;;
mkd;data_quality_population;;;;;;;;;;;;5.0;;;;;;;;;;;;;;;;;;;;;;;;;;;;;;;;;;;;;;;;;;;;;;;;;;;;;;;;;;;;;;;;;;;;;;;;;;;;;;;;;;;;;;;
mli;data_quality_population;;;;;;;;;;;;5.0;;;;5.0;;;;;;;;;;;;;;;;;;;;;;;;;;;;;;;;;;;;;;;;;;;;;;;;;;;;;;;;;;;;;;;;;;;;;;;;;;;;;;;;;;;
mlt;data_quality_population;;;;;;;;;;;;5.0;;;;5.0;;;;;;;;;;;;;;;;;;;;;;;;;;;;;;;;;;;;;;;;;;;;;;;;;;;;;;;;;;;;;;;;;;;;;;;;;;;;;;;;;;;
mmr;data_quality_population;;;;;;;;;;;;5.0;;;;5.0;;;;;;;;5.0;;;;;;;;;;;;;;;;;;;;;;;;;;;;;;;;;;;;;;;;;;;;;;;;;;;;;;;;;;;;;;;;;;;;;;;;;;;
mne;data_quality_population;;;;;;;;;;;;5.0;;;;5.0;;;;;;;;;;;;;;;;;;;;;;;;;;;;;;;;;;;;;;;;;;;;;;;;;;;;;;;;;;;;;;;;;;;;;;;;;;;;;;;;;;;
mng;data_quality_population;;;;;;;;;;;;5.0;;;;;;;;;;;;;;;;;;;;;;;;;;;;;;;;;;;;;;;;;;;;;;;;;;;;;;;;;;;;;;;;;;;;;;;;;;;;;;;;;;;;;;;
mnp;data_quality_population;;;;;;;;;;;;5.0;;;;;;;;;;;;;;;;;;;;;;;;;;;;;;;;;;;;;;;;;;;;;;;;;;;;;;;;;;;;;;;;;;;;;;;;;;;;;;;;;;;;;;;
mrt;data_quality_population;;;;;;;;;;;;5.0;;;;5.0;;;;;;;;;;;;;;;;;;;;;;;;;;;;;;;;;;;;;;;;;;;;;;;;;;;;;;;;;;;;;;;;;;;;;;;;;;;;;;;;;;;
msr;data_quality_population;;;;;;;;;;;;5.0;;;;;;;;;;;;;2.0;;;;2.0;;;2.0;;;;;;2.0;;;;;;;;;;2.0;;;;;;;;;;2.0;;;;;;;;;;2.0;;;;;;;;2.0;;;;;;;;;;;;;;;2.0;;;;;;;;
mtq;data_quality_population;;;;;;;;;;;;5.0;;;;;;;;;;;;;;;;;;;;;;;;;;;;;;;;;;;;;;;;;;;;;;;;;;;;;;;;;;;;;;;;;;;;;;;;;;;;;;;;;;;;;;;
mus;data_quality_population;;;;;;;;;;;;;;;;;;;;;;;;3.0;;;;;3.0;;;3.0;;;;;;3.0;;;;;;;;;;3.0;;;;;;;;;;3.0;;;;;;;;;;3.0;;;;;;;;3.0;;;;;3.0;;;;;;;;3.0;;;;;;;;;;
mwi;data_quality_population;;;;;;;;;;;;5.0;;;;;;;;;;;;;;;;;;;;;;;;;;;;;;;;;;;;;;;;;;;;;;2.0;;;;;;;;;;2.0;;;;;;;;2.0;;2.0;;;2.0;;;;;;;;;2.0;;;;;;;;;
mys;data_quality_population;;;;;;;;;;;;5.0;;;;;;;;;;;;;;;;;;;;;;;;;;;;;;;;;;;;;;;;;;;;;;;;;;;;;;;;;;;;;;;;;;;;;;;;;;;;;;;;;;;;;;;
myt;data_quality_population;;;;;;;;;;;;5.0;;;;5.0;;;;;;;;;;;;;;;;;;;;;;;;;;;;;;;;;;;;;;;;;;;;;;;;;;;;;;;;;;;;;;;;;;;;;;;;;;;;;;;;;;;
nam;data_quality_population;;;;;;;;;;;;5.0;;;;;;;;;;;;;;;;;;;;;;;;;;;;;;;;;;;;;;;;;;;;;;;;;;;;;;;;;;;;;;;;2.0;;;;;;;;;;;;;;;2.0;;;;;;;;
ncl;data_quality_population;;;;;;;;;;;;5.0;;;;;;;;;;;;;;;;;;;;;;;;;;;;;;;;;;;;;;;;;;;;;;;;;;;;;;;;;;;;;;;;;;;;;;;;;;;;;;;;;;;;;;;
ner;data_quality_population;;;;;;;;;;;;5.0;;;;5.0;;;;;;;;;;;;;;;;;;;;;;;;;;;;;;;;;;;;;;;;;;;;;;;;;;;;;;;;;;;;;;;;;;;;;;;;;;;;;;;;;;;
nfk;data_quality_population;;;;;;;;;;;;;;;;;;;;;;;;;;;;;;;;;;;;;;;;;;;;;;;;;;;;;;;;;;;;;;;;;;;;;;;;;;;;;;;;;;;;;;;;;;;;;;;2.0;2.0;2.0;2.0;2.0
nga;data_quality_population;;;;;;;;;;;;5.0;;;;5.0;;;;;;;;;;;;;;;;;;;;;;;;;;;;;;;;;;;;;;;;;;;;;;;;;;;;;;;;;;;;3.0;;;;;2.0;;;;;;;;;;;;;;;;;;
nic;data_quality_population;;;;;;;;;;;;5.0;;;;;;;;;;;;;;;;;;;;;;;;;;;;;;;;;;;;;;;;;;;;;;;;;;;;;;;;;;;;;;;;;;;;;;;;;;;;;;;;;;;;;;;
niu;data_quality_population;;5.0;;;;;;;;;;4.0;;;;;;;;;;;;;;;;;;;;;;;;;;;;;;;;;;;;;;;;;;;;;;;;;;;;;;;;;;;;;;;;;;;;;;;;;;;;;;;;;;;;;;;
npl;data_quality_population;;;;;;;;;;;;5.0;;;;5.0;;;;;;;;5.0;;;;;;;;;;;;;;;;;;;;;;;;;;;;;;;;;;;;;;;;;;;;;;;;;;;;;;;;;;;;;;;;;;;;;;;;;;;
nru;data_quality_population;;;;;;;;;;;;5.0;;;;;;;;;;;;;;;;;;;;;;;;;;;;;;;;;;;;;;;;;;;;;;;;;;;;;;;;;;;;;;;;;;;;;;;;;;;;;;;;;;;;;;;
omn;data_quality_population;;;;;;;;;;;;5.0;;;;;;;;;;;;;;;;;;;;;;;;;;;;;;;;;;;;;;;;;;;;;;;;;;;;;;;;;;;;;;;;;;;;;;;;;;;;;;;;;;;;;;;
pan;data_quality_population;;;;;;;;;;;;5.0;;;;;;;;;;;;;;;;;;;;;;;;;;;;;;;;;;;;;;;;;;;;;;;;;;;;;;;;;;;;;;;;;;;;;;;;;;;;;;;;;;;;;;;
pcn;data_quality_population;2.0;;;;;;;;2.0;;;;;;;;;;;;;;;;;;;;;;;;;;;;;;;;;;;;;;;;;;;;;;;;;;;;;;;;;;;;;;;;;;;;;;;;;;;;;;;;;;;;;;;;;;
per;data_quality_population;4.0;4.0;;;;;;;;;;;;;;;;;;;;;;;;;;;;;;;;;;;;;;;;;;;;;;;;;;;;;;;;;;;;;;;;;;;;;;;;;;;;;;;;;;;;;;;;;;;;;;;;;
phl;data_quality_population;;;;;;;;;;;;5.0;;;;;;;;;;;;;;;;;;;;;;;;;;;;;;;;;;;;;;;;;;;;;;;;;;;;;;;;;;;;;;;;;;;;;;;;;;;;;;;;;;;;;;;
plw;data_quality_population;;;;;;;;;;;;5.0;;;;;;;;;;;;;;;;;;;;;;;;;;;;;;;;;;;;;;;;;;;;;;;;;;;;;;;;;;;;;;;;;;;;;;;;;;;;;;;;;;;;;;;
png;data_quality_population;;;;;;;;;;;;5.0;;;;;;;;;;;;;;;;;;;;;;;;;;;;;;;;;;;;;;;;;;;;;;;;;;;;;;;;;;;;;;;;;;;;;;;;;;;;;;;;;;;;;;;
pri;data_quality_population;;;;2.0;;;2.0;;;;;2.0;;2.0;;;;;2.0;;;;;;;;;2.0;;;;;;2.0;;;;;;;;;;2.0;;;;;;;;;;;;2.0;;;;;;;;;;;;;;;;;;;;;;;;;;;;;;;;;;;;;;;;;;;
prk;data_quality_population;;;;;;;;;;;;5.0;;;;;;;;;;;;;;;;;;;;;;;;;;;;;;;;;;;;;;;;;;;;;;;;;;;;;;;;;;;;;;;;;;;;;;;;;;;;;;;;;;;;;;;
pry;data_quality_population;;;;;;;;;;;;5.0;;;;;;;;;;;;;;;;;;;;;;;;;;;;;;;;;;;;;;;;;;;;;;;;;;;;;;;;;;;;;;;;;;;;;;;;;;;;;;;;;;;;;;;
pse;data_quality_population;;;;;;;;;;;;5.0;;;;;;;;;;;;4.0;;;;4.0;;;;;;3.0;3.0;3.0;3.0;3.0;3.0;3.0;3.0;3.0;3.0;3.0;3.0;3.0;3.0;3.0;3.0;3.0;3.0;3.0;3.0;3.0;3.0;3.0;3.0;3.0;3.0;3.0;3.0;3.0;3.0;3.0;3.0;3.0;3.0;3.0;3.0;3.0;3.0;;;4.0;;;3.0;;;;2.0;;;;;;;;;;3.0;;;;;;;;
pyf;data_quality_population;;5.0;;;;;;;;;;4.0;;;;;;;;;;;;;;;;;;;;;;;;;;;;;;;;;;;;;;;;;;;;;;;;;;;;;;;;;;;;;;;;;;2.0;;;2.0;;;2.0;;;;;;;2.0;;;;;;;;
qat;data_quality_population;;;;;;;;;;;;5.0;;;;;;;;;;;;;;;;;;;;;;;;;;;;;;;;;;;;;;;;;;;;;;;;;;;;;;;;;;;;;;;;;;;;;;;;;;;;;;;;;;;;;;;
reu;data_quality_population;;;;;;;;;;;;5.0;;;;5.0;;;;;;;;;;;;;;;;;;;;;;;;;;;;;;;;;;;;;;;;;;;;;;;;;;;;;;;;;;;;;;;;;;;;;;;;;;;;;;;;;;;
rus;data_quality_population;;;;;;;;;;;;5.0;;;;;;;;;;;;;;;;;;;;;;;;;;;;;;;;;;;;;;;;;;;;;;;;;;;;;;;;;;;;;;;;;;;;;;;;;;;;;;;;;;;;;;;
rwa;data_quality_population;;;;;;;;;;;;5.0;;;;5.0;;;;;;;;;;;;;;;;;;;;;;;;;;;;;;;;;;;;;;;;;;;;;;;;;;;;;;;;;;;;;;;;;;;;;;;;;;;;;;;;;;;
sau;data_quality_population;;;;;;;;;;;;5.0;;;;;;;;;;;;;;;;;;;;;;;;;;;;;;;;;;;;;;;;;;;;;;;;;;;;;;;;;;;;;;;;;;;;;;;;;;;;;;;;;;;;;;;
scg;data_quality_population;;;;;;;;;;;;5.0;;;;;;;;;;;;;;;;;;;;;;;;;;;;;;;;;;;;;;;;;;;;;;;;;;;;;;;;;;;;;;;;;;;;;;;;;;;;;;;;;;;;;;;
scg_ex_kos;data_quality_population;;;;;;;;;;;;5.0;;;;5.0;;;;;;;;;;;;;;;;;;;;;;;;;;;;;;;;;;;;;;;;;;;;;;;;;;;;;;;;;;;;;;;;;;;;;;;;;;;;;;;;;;;
sen;data_quality_population;;;;;;;;;;;;5.0;;;;5.0;;;;;;;;;;;;;;;;;;;;;;;;;;;;;;;;;;;;;;;;;;;;;;;;;;;;;;;;;;;;;;;;;;;;;;;;;;;;;;;;;;;
sgp;data_quality_population;;;;;;;;;;;;5.0;;;;;;;;;;;;;;;;;;;;;;;;;;;;;;;;;;;;;;;;;;;;;;;;;;;;;;;;;;;;;;;;;;;;;;;;;;;;;;;;;;;;;;;
shn;data_quality_population;;;;;;;;;;;;5.0;;;;5.0;;;;;;;;;;2.0;;;2.0;;;2.0;;;;;;2.0;;;;;;;;;;2.0;;;;;;;;;;2.0;;;;;;;;;;2.0;;;;;;;;2.0;;;;;2.0;;;;;;;;;;2.0;;;;;;;;
sjm;data_quality_population;;;;;;;;;;;;4.0;;;;;;;;;;;;;;;;;;;;;;;;;;;;;;;;;;;;;;;;;;;;;;;;;;;;;;;;;;;;;;;;;;;;;;;;;;;;;;;;;;;;;;;
slb;data_quality_population;;;;;;;;;;;;5.0;;;;;;;;;;;;;;;;;;;;;;;;;;;;;;;;;;;;;;;;;;;;;;;;;;;;;;;;;;;;;;;;;;;;;2.0;;;;;;;;;;;;;;;;;;
sle;data_quality_population;;;;;;;;;;;;5.0;;;;5.0;;;;;;;;;;;;;;;;;;;;;;;;;;;;;;;;;;;;;;;;;;;;;;;;;;;;;;;;;;;;;;;;;;;;;;;;;;;;;;;;;;;
slv;data_quality_population;;;;;;;;;;;;5.0;;;;;;;;;;;;;;;;;;;;;;;;;;;;;;;;;;;;;;;;;;;;;;;;;;;;;;;;;;;;;;;;;;;;;;;;;;;;;;;;;;;;;;;
smr;data_quality_population;;;;;;;;;;;;5.0;;;;5.0;;;;;;;;;;;;;;;;;;;;;;;;;;;;;;;;;;;;;;;;;;;;;;;;;;;;;;;;;;;;;;;;;;;;;;;;;;;;;;;;;;;
spm;data_quality_population;;;;;;;;;;;;5.0;;;;;;;;;;;;;;;;;;;;;;;;;;;;;;;;;;;;;;;;;;;;;;;;;;;;;;;;;;;;;;;;;;;;;;;;;;;;;;;;;;;;;;;
srb;data_quality_population;;;;;;;;;;;;5.0;;;;5.0;;;;;;;;;;;;;;;;;;;;;;;;;;;;;;;;;;;;;;;;;;;;;;;;;;;;;;;;;;;;;;;;;;;;;;;;;;;;;;;;;;;
stmar;data_quality_population;;;;;;;;;;;;5.0;;;;5.0;;;;;;;;;;;;;;;;;;;;;;;;;;;;;;;;;;;;;;;;;;;;;;;;;;;;;;;;;;;;;;;;;;;;;;;;;;;;;;;;;;;
stp;data_quality_population;;;;;;;;;;;;5.0;;;;5.0;;;;;;;;;;;;;;;;;;;;;;;;;;;;;;;;;;;;;;;;;;;;;;;;;;;;;;;;;;;;;;;;;;;;;;;;;;;;;;;;;;;
sur;data_quality_population;;;;;;;;;;;;5.0;;;;;;;;;;;;;;;;;;;;;;;;;;;;;;;;;;;;;;;;;;;;;;;;;;;;;;;;;;;;;;;;;;;;;;;;;;;;;;;;;;;;;;;
svk;data_quality_population;;;;;;;;;;;;5.0;;;;;;;;;;;;;;;;;;;;;;;;;;;;;;;;;;;;;;;;;;;;;;;;;;;;;;;;;;;;;;;;;;;;;;;;;;;;;;;;;;;;;;;
svn;data_quality_population;;;;;;;;;;;;5.0;;;;;;;;;;;;;;;;;;;;;;;;;;;;;;;;;;;;;;;;;;;;;;;;;;;;;;;;;;;;;;;;;;;;;;;;;;;;;;;;;;;;;;;
swz;data_quality_population;;;;;;;;;;;;5.0;;;;;;;;;;;;;;;;;;;;;;;;;;;;;;;;;;;;;;;;;;;;;;;;;2.0;;;;;;;2.0;;;;;;;;2.0;;;;;;;;2.0;;;;;;;2.0;;;;;;;;
syc;data_quality_population;;;;;;;;;;;;5.0;;;;5.0;;;;;;;;;;;;;;;;;;;;;;;;;;;;;;;;2.0;;;;;;;;;;2.0;;;;;;;;;;2.0;;;;;;;;2.0;;;;;2.0;;;;;;;;;;;;;;;;;;
syr;data_quality_population;;;;;;;;;;;;5.0;;;;;;;;;;;;;;;;;;;;;;;;;;;;;;;;;;;;;;;;;;;;;;;;;;;;;;;;;;;;;;;;;;;;;;;;;;;;;;;;;;;;;;;
tca;data_quality_population;;;;;;;;;;;;5.0;;;;5.0;;;;;;;;;;;;;;;;2.0;;;;;;2.0;;;;;;;;;;2.0;;;;;;;;;;2.0;;;;;;;;;;2.0;;;;;;;;2.0;;;;;;;;;;;;2.0;;;;;;;;;;;
tcd;data_quality_population;;;;;;;;;;;;5.0;;;;;;;;;;;;;;;;;;;;;;;;;;;;;;;;;;;;;;;;;;;;;;;;;;;;;;;;;;;;;;;;;;;;;;;;2.0;;;;;;;;;;;;;;;
tgo;data_quality_population;;;;;;;;;;;;5.0;;;;5.0;;;;;;;;;;;;;;;;;;;;;;;;;;;;;;;;;;;;;;;;;;;;;;;;;;;;;;;;;;;;;;;;;;;;;;;;;;;;;;;;;;;
tha;data_quality_population;;;;;;;;;;;;5.0;;;;;;;;;;;;;;;;;;;;;;;;;;;;;;;;;;;;;;;;;;;;;;;;;;;;;;;;;;;;;;;;;;;;;;;;;;;;;;;;;;;;;;;
tjk;data_quality_population;;;;;;;;;;;;5.0;;;;;;;;;;;;;;;;;;;;;;;;;;;;;;;;;;;;;;;;;;;;;;;;;;;;;;;;;;;;;;;;;;;;;;;;;;;;;;;;;;;;;;;
tkl;data_quality_population;;5.0;;;;;;;;;;4.0;;;;;;;;;;;;;;;;;;;;;;;;;;;;;;;;;;;;;;;;;;;;;;;;;;;;;;;;;;;;;;;;;;;;;;;;;;;;;;;;;;;;;;;
tkm;data_quality_population;;;;;;;;;;;;5.0;;;;;;;;;;;;;;;;;;;;;;;;;;;;;;;;;;;;;;;;;;;;;;;;;;;;;;;;;;;;;;;;;;;;;;;;;;;;;;;;;;;;;;;
tls;data_quality_population;;;;;;;;;;;;5.0;;;;;;;;;;;;;;;;;;;;;;;;;;;;;;;;;;;;;;;;;;;;;;;;;;;;;;;;;;;;;;;;;;2.0;;;;;2.0;;;;;;;;;;;;;;;;
ton;data_quality_population;;5.0;;;;;;;;;;4.0;;;;;;;;;;;;;;;;;;;;;;;;;;;;;;;;;;;;;;;;;;;;;;2.0;;;;;;;;;;2.0;;;;;;;;2.0;;;;;2.0;;;;2.0;;;;;;;;;;;;;;
tto;data_quality_population;;;;;;;;;;;;5.0;;;;;;;;;;;;;;;;;;;5.0;;;;;;;;;;;;;;;;;;;;;;;;;;;;;;;;;;;;;;;;;;;;;;;;;;;;;;;;;;;;;;;;;;;;
tuv;data_quality_population;;;;;;;;;;;;5.0;;;;;;;;;;;;;;;;;;;;;;;;;;;;;;;;;;;;;;;;;;;;;;;;;;;;;;;;;;;;;;;;;;;;;;;;;;;;;;;;;;;;;;;
twn;data_quality_population;;;;;;;;;;;;5.0;;;;;;;;;;;;;;;;;;;;;;;;;;;;;;;;;;;;;;;;;;;;;;;;;;;;;;;;;;;;;;;;;;;;;;;;;;;;;;;;;;;;;;;
tza;data_quality_population;;;;;;;;;;;;5.0;;;;5.0;;;;;;;;;;;;;;;;;;;;;;;;;;;;;;;;;;;;;;;;;;;;;;;;;;;;;;;;;;;;2.0;;;;;2.0;;;;;;;;;;;;2.0;;;;;;
uga;data_quality_population;;;;;;;;;;;;5.0;;;;5.0;;;;;;;;;;;;;;;;;;;;;;;;;;;;;;;;;;;;;;;;;;;;;;;;;;;;3.0;;;;;;;;3.0;;;;;2.0;;;;;;;;;;;;2.0;;;;;;
ukr;data_quality_population;;;;;;;;;;;;5.0;;;;;;;;;;;;;;;;;;;;;;;;;;;;;;;;;;;;;;;;;;;;;;;;;;;;;;;;;;;;;;;;;;;;;;;;;;;;;;;;;;;;;;;
ury;data_quality_population;;;;;;;;;;;;5.0;;;;;;;;;;;;;;;;;;;;;;;;;;;;;;;;;;;;;;;;;;;;;;;;;;;;;;;;;;;;;;;;;;;;;;;;;;;;;;;;;;;;;;;
uzb;data_quality_population;;;;;;;;;;;;5.0;;;;;;;;;;;;;;;;;;;;;;;;;;;;;;;;;;;;;;;;;;;;;;;;;;;;;;;;;;;;;;;;;;;;;;;;;;;;;;;;;;;;;;;
vct;data_quality_population;;;;;;;;;;;;5.0;;;;;;;;;;;;;2.0;;;;2.0;;;2.0;;;;;;2.0;;;;;;;;;;2.0;;;;;;;;;;2.0;;;;;;;;;;2.0;;;;;;;;2.0;;;;;2.0;;;;;;;;;;2.0;;;;;;;;
ven;data_quality_population;;;;;;;;;;;;5.0;;;;;;;;;;;;;;;;;;;;;;;;;;;;;;;;;;;;;;;;;;;;;;;;;;;;;;;;;;;;;;;;;;;;;;;;;;;;;;;;;;;;;;;
vgb;data_quality_population;;;;;;;;;;;;5.0;;;;;;;;;2.0;;;;;;;;;;;2.0;;;;;;2.0;;;;;;;;;;2.0;;;;;;;;;;2.0;;;;;;;;;;2.0;;;;;;;;2.0;;;;;;;;;;;;;;;2.0;;;;;;;;
vir;data_quality_population;;;;;;;;;;;;5.0;;;;;;;;;;;;2.0;;;2.0;2.0;;;2.0;;;;;;2.0;;;;;;;;;;2.0;;;;;;;;;;;2.0;;;;;;;;;;2.0;;;;;2.0;;;;;;;2.0;;;;;;2.0;;;;;;;;;;;;;
vnm;data_quality_population;;;;;;;;;;;;5.0;;;;;;;;;;;;;;;;;;;;;;;;;;;;;;;;;;;;;;;;;;;;;;;;;;;;;;;;;;;;;;;;;;;;;;;;;;;;;;;;;;;;;;;
vut;data_quality_population;;;;;;;;;;;;5.0;;;;;;;;;;;;;;;;;;;;;;;;;;;;;;;;;;;;;;;;;;;;;;;;;;;;;;;;;;;;;;;;;;;;;;;;;;;;;;;;;;;;;;;
wlf;data_quality_population;;;;;;;;;;;;5.0;;;;;;;;;;;;;;;;;;;;;;;;;;;;;;;;;;;;;;;;;;;;;;;;;;;;;;;;;;;;;;;;;;;;;;;;;;;;;;;;;;;;;;;
wsm;data_quality_population;;5.0;;;;;;;;;;4.0;;;;;;;;;;;;4.0;;;;;;;;;;;;;;;;;;;;;;;;;;;;;;;;;3.0;;;;;;2.0;;;;;2.0;;;;;;;;2.0;;2.0;;;;;;2.0;;;;;;2.0;;;;;;;;;
yem;data_quality_population;;;;;;;;;;;;5.0;;;;;;;;;;;;;;;;;;;;;;;;;;;;;;;;;;;;;;;;;;;;;;;;;;;;;;;;;;;;;;;;;;;;;;;;;;;;;;;;;;;;;;;
yem_north;data_quality_population;;;;;;;;;;;;5.0;;;;;;;;;;;;;;;;;;;;;;;;;;;;;;;;;;;;;;;;;;;;;;;;;;;;;;;;;;;;;;;;;;;;;;;;;;;;;;;;;;;;;;;
yem_south;data_quality_population;;;;;;;;;;;;5.0;;;;;;;;;;;;;;;;;;;;;;;;;;;;;;;;;;;;;;;;;;;;;;;;;;;;;;;;;;;;;;;;;;;;;;;;;;;;;;;;;;;;;;;
zmb;data_quality_population;;;;;;;;;;;;5.0;;;;;;;;;;;;;;;;;;;;;;;;;;;;;;;;;;;;;;;;;;;;;;;;;2.0;;;;;;;2.0;;;;;;;;2.0;;;;;2.0;;;;;;;;;;;;;;;;;;
zwe;data_quality_population;;;;;;;;;;;;5.0;;;;5.0;;;;;;;;;;;;;;;;;;;;;;;;;;;;;;;;;;;;;;;;;;;;;;;;;;;;;;;;;;;;;;;;;;;;;;;;;;;;;;;;;;;
