geo;indicator;1948;1949;1950;1951;1952;1953;1954;1955;1956;1957;1958;1959;1960;1961;1962;1963;1964;1965;1966;1967;1968;1969;1970;1971;1972;1973;1974;1975;1976;1977;1978;1979;1980;1981;1982;1983;1984;1985;1986;1987;1988;1989;1990;1991;1992;1993;1994;1995;1996;1997;1998;1999;2000;2001;2002;2003;2004;2005;2006;2007;2008;2009;2010;2011;2012;2013;2014;2015;2016;2017
abw;females_aged_55_64_unemployment_rate_percent;;;;;;;;;;;;;;;;;;;;;;;;;;;;;;;;;;;;;;;;;;;;4.21;;;;;;;;;;;;;;;;1.67;;;7.12;;;;;;;
afg;females_aged_55_64_unemployment_rate_percent;;;;;;;;;;;;;;;;;;;;;;;;;;;;;;;;;;;;;;;;;;;;;;;;;;;;;;;;;;;;;1.8512;;;;4.2709;;;;;
ago;females_aged_55_64_unemployment_rate_percent;;;;;;;;;;;;;;;;;;;;;;;;;;;;;;;;;;;;;;;;;;;;;;;;;;;;;;;;;12.4177;;;;;;;;;;;;;
aia;females_aged_55_64_unemployment_rate_percent;;;;;;;;;;;;;;;;;;;;;;;;;;;;;;;;;;;;;;;;;;;;;;;;;;;;;;2.55;;;;;;;;;;;;;;;;
alb;females_aged_55_64_unemployment_rate_percent;;;;;;;;;;;;;;;;;;;;;;;;;;;;;;;;;;;;;;;;;;;;;;;;;;;;;;;;;;;;8.0451;7.9837;9.5865;9.9914;9.3594;5.6448;6.8139;8.58;9.06444;;
ant;females_aged_55_64_unemployment_rate_percent;;;;;;;;;;;;;;;;;;;;;;;;;;;;;;;;;;;;;11.89;12.99;12.74;;;;;;;;;11.78;10.46;12.52;8.52;;12.0;;;;11.73;12.85;13.5;6.68;7.22;7.72;;7.18;;;;;;
are;females_aged_55_64_unemployment_rate_percent;;;;;;;;;;;;;;;;;;;;;;;;;;;;;;;;;;;;;;;;;;;;;;;;;;;;;;;;;;12.22;;;;;;;;;;;2.26;
arg;females_aged_55_64_unemployment_rate_percent;;;;;;;;;;;;;;;;;;;;;;;;;;;;;;;;;;;;;;;;;;;;4.97;;;;;;;;;;;;;9.0314;8.0432;7.2146;;4.7203;4.8272;3.3882;3.7651;4.236000000000001;3.216;2.6705;;;4.1644
arm;females_aged_55_64_unemployment_rate_percent;;;;;;;;;;;;;;;;;;;;;;;;;;;;;;;;;;;;;;;;;;;;;;;;;;;;;;;;;;;;25.7;;10.32;14.4924;16.2192;11.73;11.0263;11.5523;9.542;10.6916;
asm;females_aged_55_64_unemployment_rate_percent;;;;;;;;;;;;;;;;;;;;;;;;;;;;;;;;;;;;;;;;;;;1.83;;;;;;;;;;;;;;;;;;;;;;;;;;;
atg;females_aged_55_64_unemployment_rate_percent;;;;;;;;;;;;;;;;;;;;;;;;;;;;;;;;;;;;;;;;;;;;;;;;;;;;;;3.51;;;;;;;;;;;;;;;;
aus;females_aged_55_64_unemployment_rate_percent;;;;;;;;;;;;;;;;;;;;;;;;;;;;;;;;2.5004;2.6766;2.1606;2.8435;3.2503;3.2998;3.5001;3.553;3.2237;3.3063;3.1479;2.9031;3.8539;3.8656;4.7767;5.5824;4.1049;4.7183;4.425;4.4628;3.5018;3.1521;2.9657;2.9496;3.0182;3.0373;2.8833;2.7702;2.6222;2.0065;2.8726;2.6281;2.8879;3.1121;3.1808;3.8001;3.548;3.5979;3.721
aut;females_aged_55_64_unemployment_rate_percent;;;;;;;;;;;;;;;;;;;;;;;;;;;;;;;;;;;1.68;1.23;2.57;1.94;2.34;2.75;2.62;1.43;3.33;6.53;4.6;5.08;2.7110000000000003;2.8941;3.4723;3.2845;5.7344;3.4337;5.8644;5.1582;3.8316;3.8569;4.7144;2.9797;2.5097;3.5267;2.7501;2.5011;1.9178;2.4827;2.7215;3.2169;2.8428;3.3943;3.7598;3.7041
aze;females_aged_55_64_unemployment_rate_percent;;;;;;;;;;;;;;;;;;;;;;;;;;;;;;;;;;;;;;;;;;;;;;;;;;;;23.88;;;;;;;;;0.31;1.34;2.71;4.18;2.3;2.12;2.0;2.4;2.62;3.03
bdi;females_aged_55_64_unemployment_rate_percent;;;;;;;;;;;;;;;;;;;;;;;;;;;;;;;;;;;;;;;;;;;0.1;;;;;;;;;;;;;;;;;;;;;;;;;;;9.0
bel;females_aged_55_64_unemployment_rate_percent;;;;;;;;;;;;;;;;;;;;;;;;;;;;;;;;;;;;4.0172;6.4647;6.3686;7.7225;6.0592;6.8852;5.452999999999999;5.0044;3.9551;4.1452;3.6743;5.9322;4.3997;3.9956;4.3047;5.4085;8.1129;2.8477;;3.8299;1.3368;2.8334;5.4816;5.6612;5.3304;5.5552;5.2384;5.2405;4.2368;5.0735;5.297999999999999;5.1259;4.7272;6.0287;6.5484
ben;females_aged_55_64_unemployment_rate_percent;;;;;;;;;;;;;;;;;;;;;;;;;;;;;;;;;;;;;;;;;;;;;;;;;;;;;;;0.14;;;;;;;;0.08;0.8170000000000001;;;;;;
bfa;females_aged_55_64_unemployment_rate_percent;;;;;;;;;;;;;;;;;;;;;;;;;;;;;;;;;;;;;;;;;;;;;;;;;;;;;;;;;;;0.52;;;;;;;;5.6753;;;
bgd;females_aged_55_64_unemployment_rate_percent;;;;;;;;;;;;;;;;;;;;;;;;;;;;;;;;;;;;;;;;;;;;;;;;;;;;;;;;1.46;;;5.5214;;;;6.3903;;;1.7127;;;1.73;0.2682
bgr;females_aged_55_64_unemployment_rate_percent;;;;;;;;;;;;;;;;;;;;;;;;;;;;;;;;;;;;;;;;;;;;;;;;;;;;;10.8099;19.0399;15.4037;12.0204;9.3552;8.2784;8.2777;7.4138;6.1246;6.8185;8.637;8.083;9.2579;11.3549;10.4254;7.9585;6.6125;5.2777
bhr;females_aged_55_64_unemployment_rate_percent;;;;;;;;;;;;;;;;;;;;;;;;;;;;;;;;;;;;;;;;;;;;2.88;;;;;;;;;;;;;;;;;;;0.18;0.2;0.17;;;;;
bhs;females_aged_55_64_unemployment_rate_percent;;;;;;;;;;;;;;;;;;;;;;;;;;;;;;;;;;;;;;;;;;;1.78;;;;;;;;4.68;;;;;3.88;;5.93;;5.83;3.34;5.93;;5.43;;;;;;
bih;females_aged_55_64_unemployment_rate_percent;;;;;;;;;;;;;;;;;;;;;;;;;;;;;;;;;;;;;;;;;;;;;;;;;;;;;;;;;;;;;;;;;;;11.87;13.73;15.31;
blr;females_aged_55_64_unemployment_rate_percent;;;;;;;;;;;;;;;;;;;;;;;;;;;;;;;;;;;;;;;;;;;;;;;;;;;;;;;;;;;;;;;;;;;;;4.62;
blz;females_aged_55_64_unemployment_rate_percent;;;;;;;;;;;;;;;;;;;;;;;;;;;;;;;;;;;;;;;;;;;;;;;;;;;;;;;;;;;;;;;;;11.43;;;8.66;1.23;
bmu;females_aged_55_64_unemployment_rate_percent;;;;;;;;;;;;;;;;;;;;;;;;;;;;;;;;;;;;;;;;;;;;;;;;;;;;;1.13;;;;;;;;;2.43;5.26;;6.22;;7.41;;;
bol;females_aged_55_64_unemployment_rate_percent;;;;;;;;;;;;;;;;;;;;;;;;;;;;;;;;;;;;;;;47.49;5.86;;5.71;5.5;;0.53;;;1.68;;;;;;;;;;2.3542;;;;;;1.192;1.3838;0.608;0.5453;0.7275;1.3131;0.7741
bra;females_aged_55_64_unemployment_rate_percent;;;;;;;;;;;;;;;;;;;;;;;;;;;;;;;;;;;;;;;;;;;0.58;;;;;1.6104;3.0962;2.6819;3.6731;3.5932;;3.8529;3.0912;3.2697;3.2664;3.3978;3.0098;2.8672;2.9289;3.5348;;2.6103;2.3916;2.254;2.2369;2.8886;4.4678;5.0966
brb;females_aged_55_64_unemployment_rate_percent;;;;;;;;;;;;;;;;;;;;;;;;;;;;;;;;;;;;5.41;;;8.33;13.51;20.51;6.82;6.06;8.11;13.51;;;10.26;;4.65;;;;;;11.29;;;;;;6.38;5.66;;;6.6;5.98;3.23;3.31;
brn;females_aged_55_64_unemployment_rate_percent;;;;;;;;;;;;;;;;;;;;;;;;;;;;;;;;;;;;;;;;;;;;;;;;;;;;;;;;;;;;;;;;;;;4.1111;;;2.6613
btn;females_aged_55_64_unemployment_rate_percent;;;;;;;;;;;;;;;;;;;;;;;;;;;;;;;;;;;;;;;;;;;;;;;;;;;;;;;;;;1.11;;;;1.6;1.59;0.0;0.0;0.0;0.07;0.23;;
bwa;females_aged_55_64_unemployment_rate_percent;;;;;;;;;;;;;;;;;;;;;;;;;;;;;;;;;;;;;;13.89;;;;;;2.28;;;;;11.47;;;;;;;;;;4.95;;;6.0071;6.23;;;;;;;
can;females_aged_55_64_unemployment_rate_percent;;;;;;;;;;;;;;;;;;;;;;;;;;;;;4.6055;5.4339;5.6028;4.8663;5.1636;4.4678;6.6247;8.1402;7.5667;7.8094;7.3526;7.6656;6.1154;6.0657;5.7066;7.9459;8.4713;9.5464;8.396;8.0286;7.5617;7.6426;6.7202;5.325;5.5077;5.6383;5.797999999999999;5.5271;5.6739999999999995;5.3439;5.0987;4.8791;4.8943;5.6527;5.6112;5.9799;5.7297;5.755;5.4652;5.436;5.6333;5.2179
che;females_aged_55_64_unemployment_rate_percent;;;;;;;;;;;;;;;;;;;;;;;;;;;;;;;;;;;;;;;;;;;1.13;0.579;2.6210000000000004;3.156;3.403;1.768;3.2358;2.588;1.7939;2.5462;2.3359;1.599;1.8403;2.4856;3.3897;3.6665;3.3756;3.7915;2.6665;2.3327;3.4433;3.6723;3.3804;3.1255;3.1701;3.5378;3.1308;3.3485
chl;females_aged_55_64_unemployment_rate_percent;;;;;;;;;;;;;;;;;;;;;;;;;;;;;;;;;;;;4.25;3.19;;1.06;;2.96;1.58;3.8271;0.98;2.2432;0.96;3.2229;1.84;2.674;2.426;2.611;4.28;4.315;3.2060000000000004;3.867;4.793;4.141;3.8789999999999996;4.2219999999999995;4.638;4.364;5.18;4.1867;4.2231;3.5579;3.1038;3.3504;2.9586;4.3372;4.1778
civ;females_aged_55_64_unemployment_rate_percent;;;;;;;;;;;;;;;;;;;;;;;;;;;;;;;;;;;;;;;;;;;;;;;;;;;;;;;;;;;;;;;;;2.1835;2.8899;;;;
cmr;females_aged_55_64_unemployment_rate_percent;;;;;;;;;;;;;;;;;;;;;;;;;;;;;;;;;;;;;;;;;;;;;;;;;;;;;;;;;;;;;;;0.83;;;;1.0638;;;
cod;females_aged_55_64_unemployment_rate_percent;;;;;;;;;;;;;;;;;;;;;;;;;;;;;;;;;;;;;;;;;;;;;;;;;;;;;;;;;;0.6293;;;;;;;1.0863;;;;;
cog;females_aged_55_64_unemployment_rate_percent;;;;;;;;;;;;;;;;;;;;;;;;;;;;;;;;;;;;;;;;;;;;;;;;;;;;;;;;;;2.4171;;;;;;;;;;;;
cok;females_aged_55_64_unemployment_rate_percent;;;;;;;;;;;;;;;;;;;;;;;;;;;;;;;;;;;;;;;;;;;;2.21;;;;;;;;;;;;;;;;;;;;5.13;;;;;;
col;females_aged_55_64_unemployment_rate_percent;;;;;;;;;;;;;;;;;;;;;;;;;;;;;;;;;;;;;;;3.83;3.83;;;;;1.32;3.01;;;2.54;;;;;6.739;7.099;7.367999999999999;6.007000000000001;5.818;;5.001;5.325;6.303;5.0932;4.9115;4.9873;4.5646;4.5212;4.2098;4.0012;4.4924
cpv;females_aged_55_64_unemployment_rate_percent;;;;;;;;;;;;;;;;;;;;;;;;;;;;;;;;;;;;;;;;;;;9.1;;;;;;;;;;;;;;;;;;;;;;;;;37.598;;
cri;females_aged_55_64_unemployment_rate_percent;;;;;;;;;;;;;;;;;;;;;;;;;;;;;;;;;;;;;;;;;;;2.045;4.746;1.197;2.2119999999999997;1.1640000000000001;2.464;2.217;4.369;1.518;1.3559999999999999;3.2539999999999996;1.311;2.339;3.035;4.645;3.497;3.511;2.0909999999999997;1.0959999999999999;1.588;2.9394;3.7089999999999996;4.4384;3.2273;2.3729;3.8104;2.7208;1.8252
cym;females_aged_55_64_unemployment_rate_percent;;;;;;;;;;;;;;;;;;;;;;;;;;;;;;;;;;;;;;;;;;;;;;;;;;;;;;;;;;;5.02;2.43;3.95;;5.04;5.34;1.56;3.2;4.83;1.9;;
cyp;females_aged_55_64_unemployment_rate_percent;;;;;;;;;;;;;;;;;;;;;;;;;;;;;;;;;;;;;;;;;;;;;1.02;;;;;;;;4.2745;7.9835;5.0406;1.9504;3.8949;4.1265;3.0969;3.1523;3.9345;4.2031;4.1137;4.5163;7.626;9.4419;13.1069;12.7844;8.5821;5.6174
cze;females_aged_55_64_unemployment_rate_percent;;;;;;;;;;;;;;;;;;;;;;;;;;;;;;;;;;;;;;;;;;;;0.13;;5.4510000000000005;3.687;3.815;4.192;4.5857;4.2175;4.8896;5.1977;4.9237;4.6028;5.5977;6.1497;6.296;5.6336;4.8212;4.5628;5.8058;6.4936;5.7124;5.9637;6.3581;5.3962;4.8527;3.8139999999999996;2.8772
deu;females_aged_55_64_unemployment_rate_percent;;;;;;;;;;;;;;;;;;;;;;;;;;;;;;;;;;;;4.5795;5.324;6.7214;8.3249;8.4842;8.6072;10.7422;8.9091;9.2876;10.6561;11.9853;14.1116;13.7033;14.855;17.2528;17.6958;15.1582;14.1617;12.8235;12.0529;12.944;12.6754;12.9887;12.9569;11.2014;8.9253;8.0542;7.1736;6.3248;5.5164;5.2184;4.656000000000001;4.1203;3.5915;3.0811
dma;females_aged_55_64_unemployment_rate_percent;;;;;;;;;;;;;;;;;;;;;;;;;;;;;;;;;;;;;;;;;;;;;;;;;;;;14.26;;3.77;;;;;;;;;;;;;;;;
dnk;females_aged_55_64_unemployment_rate_percent;;;;;;;;;;;;;;;;;;;;;;;;;;;;;;;;;;;;6.2652;6.4321;6.1274;6.2091;5.5628;7.022;8.6987;7.5049;9.5791;10.2622;9.7702;6.7058;9.785;6.3457;6.0135;6.3771;5.6323;4.178999999999999;3.9514;4.1938;3.7792;5.8093;5.8042;4.306;3.9504;2.8367;3.3608;3.9505;4.724;5.2883;5.0625;4.5132;4.7979;4.104;3.5912
dom;females_aged_55_64_unemployment_rate_percent;;;;;;;;;;;;;;;;;;;;;;;;;;;;;;;;;;;;;;;;;;;;;;;;;;;;;;;12.24;;;2.2197;1.1846;;;1.1640000000000001;2.1212;0.6293;1.7277;2.0988;2.0511;1.7859;2.418;
dza;females_aged_55_64_unemployment_rate_percent;;;;;;;;;;;;;;;;;;;;;;;;;;;;;;;;;;;;;;;;;;;;;;;;;;;;;;;;;;;;;;1.51;0.0;;2.56;1.27;;;;
ecu;females_aged_55_64_unemployment_rate_percent;;;;;;;;;;;;;;;;;;;;;;;;;;;;;;;;;;;;;;;;;;;1.64;;;;;;3.14;7.92;6.09;;0.6888;1.369;8.81;2.5834;1.9693;0.6138;0.8047;0.7292;1.5499;1.0962;1.0663;0.4672;0.3249;0.3583;0.4929;0.5145;1.2137;0.9555
egy;females_aged_55_64_unemployment_rate_percent;;;;;;;;;;;;;;;;;;;;;;;;;;;;;;;;;;;;;;;;;;;;;;;;;;;;;;;;;;;;;;2.2248;0.3752;2.5314;;;0.7467;;1.4036;
esp;females_aged_55_64_unemployment_rate_percent;;;;;;;;;;;;;;;;;;;;;;;;;;;;;;0.72;1.01;1.12;1.77;2.28;2.86;2.95;4.34;5.31;6.417000000000001;6.1136;6.8537;6.3684;7.2755;6.9065;8.5205;8.2495;9.5485;11.0159;12.4633;13.2299;12.1713;11.224;11.2419;8.0766;9.9583;9.2275;10.1417;7.5254;7.3193;7.7203;8.9806;13.2602;13.8897;14.6905;17.9166;19.6971;19.4004;18.7109;17.2443;15.9203
est;females_aged_55_64_unemployment_rate_percent;;;;;;;;;;;;;;;;;;;;;;;;;;;;;;;;;;;;;;;;;;;0.32;0.642;2.151;3.3810000000000002;5.559;4.088;3.951;4.2584;3.3278;3.909;4.6768;9.9796;7.9247;6.6096;4.4525;4.4886;2.0814;0.902;3.0776;7.3293;13.9782;9.0154;5.3678;4.367;5.1491;5.3603;6.9168;4.2859
eth;females_aged_55_64_unemployment_rate_percent;;;;;;;;;;;;;;;;;;;;;;;;;;;;;;;;;;;;;;;;;;;;;;;;;;;;1.7095;;;;;;1.0074;;;;;;;;0.7366;;;;
fin;females_aged_55_64_unemployment_rate_percent;;;;;;;;;;;;;;;;;;;;;;;;;;;;;;;;6.06;6.67;6.03;6.72;;6.9;;6.84;4.63;4.67;4.63;2.752;4.717;9.524;15.238;17.476;9.8822;12.9924;13.5742;13.3476;10.1548;8.7849;8.6231;6.3847;7.8212;7.7883;6.5731;6.6738;5.8849;5.0099;5.475;5.6741;5.3224;5.1195;5.8558;6.3187;6.9838;6.8916;6.9946
fji;females_aged_55_64_unemployment_rate_percent;;;;;;;;;;;;;;;;;;;;;;;;;;;;;;;;;;;;;;;;;;;;;;;;;;;;;;;;;;;;;;;;;;;0.63;;;
flk;females_aged_55_64_unemployment_rate_percent;;;;;;;;;;;;;;;;;;;;;;;;;;;;;;;;;;;;;;;;;;;;;;;;;;;;;;;;;;;;;;;;;0.92;;;;;
fra;females_aged_55_64_unemployment_rate_percent;;;;;;;;;;;;;;;;;;;;;;;;;;;;;;;;;;;;6.6602;7.0808;7.4806;7.1891;7.9845;8.0364;7.4555;7.2047;7.7032;8.027999999999999;7.354;6.2479;6.0047;7.9763;7.6863;8.6979;7.7361;7.4233;6.3027;4.6075;4.0738;6.7972;4.382;4.7166;4.087;3.7313;5.1137;5.483;5.648;5.9207;6.4972;6.865;6.7631;6.2954;5.7467
gab;females_aged_55_64_unemployment_rate_percent;;;;;;;;;;;;;;;;;;;;;;;;;;;;;;;;;;;;;;;;;;;;;;2.24;;;;;;;;;;;;;;;;;6.01;;;;;;;
gbm;females_aged_55_64_unemployment_rate_percent;;;;;;;;;;;;;;;;;;;;;;;;;;;;;;;;;;;;;;;;;;;;;;;;;;;;;;;;;;;1.23;;;;;1.39;;;;;2.11;
gbr;females_aged_55_64_unemployment_rate_percent;;;;;;;;;;;;;;;;;;;;;;;;;;;;;;;;;;;;4.2881;5.2786;6.4293;6.2274;6.6926;6.4758;5.819;5.1246;5.4585;3.9369;5.3599;5.3797;3.887;3.3527;3.9856;3.125;3.2165;2.842;1.761;2.2731;1.994;2.0752;1.8559999999999999;2.3311;2.2083;2.3435;2.8805;3.1721;3.4142;3.69;4.0793;3.5387;3.0021;3.1033;2.9998
geo;females_aged_55_64_unemployment_rate_percent;;;;;;;;;;;;;;;;;;;;;;;;;;;;;;;;;;;;;;;;;;;;;;;;;;;;6.76;5.65;5.25;5.7;6.83;5.04;5.42;;6.52;8.44;6.38;6.81;5.54;6.11;3.53;5.77;4.67;3.75;
gha;females_aged_55_64_unemployment_rate_percent;;;;;;;;;;;;;;;;;;;;;;;;;;;;;;;;;;;;;;;;;;;;;;;;;;;4.5;;9.19;;;;;;2.8365;;;;3.07;;;0.3812;;2.7276;;
gin;females_aged_55_64_unemployment_rate_percent;;;;;;;;;;;;;;;;;;;;;;;;;;;;;;;;;;;;;;;;;;;;;;;;;;;;;;;1.4769999999999999;;;;;;;;;;;;;;;
glp;females_aged_55_64_unemployment_rate_percent;;;;;;;;;;;;;;;;;;;;;;;;;;;;;;;;;;;;;;;;;;;;;;;;;;;;17.44;;;;;;;;;;;;;;;;;;
gmb;females_aged_55_64_unemployment_rate_percent;;;;;;;;;;;;;;;;;;;;;;;;;;;;;;;;;;;;;;;;;;;;;;;;;;;;;;;;;;;;;;;;;11.009;;;;;
grc;females_aged_55_64_unemployment_rate_percent;;;;;;;;;;;;;;;;;;;;;;;;;;;;;;;;;;;;1.7371;1.5805;1.4519;1.6221;1.3623;1.4201;1.8306;1.2351;2.0741;2.8111;2.4242;2.6291;2.9444;3.0273;3.0509;3.6939;4.9424;4.2297;3.9718;4.4945;3.4733;5.0497;4.6865;5.0213;4.3178;3.9364;5.5274;6.4661;8.0592;13.1451;15.901;16.3949;16.5039;18.9578;19.675
grd;females_aged_55_64_unemployment_rate_percent;;;;;;;;;;;;;;;;;;;;;;;;;;;;;;;;;;;;;;;;;;;;5.56;;;25.0;;17.56;;13.61;;;;;;;;;;;;;;;;;;;
gtm;females_aged_55_64_unemployment_rate_percent;;;;;;;;;;;;;;;;;;;;;;;;;;;;;;;;;;;;;;;;;;;;;;;;;;;;;;;;;0.993;;;;;;1.9653;;;;;;;
guf;females_aged_55_64_unemployment_rate_percent;;;;;;;;;;;;;;;;;;;;;;;;;;;;;;;;;;;;;;;;;;;9.91;;;;;;;;;18.92;;;;;;;;;;;;;;;;;;
gum;females_aged_55_64_unemployment_rate_percent;;;;;;;;;;;;;;;;;;;;;;;;;;;;;;;;;;;;;;;;;;;;;;;;;;;;;;;4.9;;;;;;;;;;;;;;;
guy;females_aged_55_64_unemployment_rate_percent;;;;;;;;;;;;;;;;;;;;;;;;;;;;;;;;;;;;;;;;5.03;;;;;;;;;;;;;;;5.7;;;;;;;;;;;;;;;
hkg;females_aged_55_64_unemployment_rate_percent;;;;;;;;;;;;;;;;;;;;;;;;;;;;;;;;;;;1.11;1.25;0.77;1.28;1.15;0.65;0.33;0.52;;0.38;0.97;0.88;0.88;1.9;1.13;0.91;3.04;;1.69;2.19;5.11;5.65;6.26;5.33;3.79;3.44;1.96;3.82;2.74;2.03;1.93;2.87;2.7;2.55;2.47;
hnd;females_aged_55_64_unemployment_rate_percent;;;;;;;;;;;;;;;;;;;;;;;;;;;;;;;;;;;;;;;;;;;;;;;;;;;;;;;;;;0.4695;0.4719;0.7653;0.4253;;1.2928;1.1955;;;;;;
hrv;females_aged_55_64_unemployment_rate_percent;;;;;;;;;;;;;;;;;;;;;;;;;;;;;;;;;;;;;;;;;;;;2.02;;;;;;;;;;5.62;5.6517;4.3632;5.1876;4.441;4.7309;4.3877;4.2099;5.5822;5.4976;6.3903;9.6109;7.3575;10.8066;10.6318;7.4539;7.9238
hti;females_aged_55_64_unemployment_rate_percent;;;;;;;;;;;;;;;;;;;;;;;;;;;;;;;;;;;;;;;;;;;;;;;;;;;;;;;;15.28;;;;;;;;;;;;;;
hun;females_aged_55_64_unemployment_rate_percent;;;;;;;;;;;;;;;;;;;;;;;;;;;;;;;;;;;;;;;;;;;;;5.556;9.512;7.233;5.3420000000000005;5.9713;3.9101;7.4149;1.5338;1.6391;1.4272;2.1189;2.9369;2.5866;3.4560000000000004;3.8510000000000004;3.926;5.0847;6.2805;7.2087;8.2824;8.0026;7.4527;5.9632;5.5382;4.4831;4.2592
idn;females_aged_55_64_unemployment_rate_percent;;;;;;;;;;;;;;;;;;;;;;;;;;;;;;;;;;;;;;;;;;;;;;;;;;;;0.14;0.3773;1.1517;1.1941;2.4330000000000003;1.595;1.298;1.0106;1.1256;0.5923;0.5201;1.5182;0.655;0.5059;0.6162;0.2339;0.4075;0.2126;0.3041
ind;females_aged_55_64_unemployment_rate_percent;;;;;;;;;;;;;;;;;;;;;;;;;;;;;;;;;;;;;;;;;;;;;;;;;;;;;;;;;;0.5034;;;;;0.2546;;0.7637;;;;;
irl;females_aged_55_64_unemployment_rate_percent;;;;;;;;;;;;;;;;;;;;;;;;;;;;;;;;;;;;7.6952;11.1841;9.9369;12.1577;11.5584;12.3021;11.0828;9.6308;9.5697;8.1785;7.3497;8.1432;8.698;6.9425;5.3043;4.5027;4.465;2.37;2.6778;2.2338;1.9743;1.5096;2.4276;2.4149;2.5449;3.1228;4.9477;6.7147;7.1776;7.5163;9.2844;8.1784;6.3759;5.4116;5.6464
irn;females_aged_55_64_unemployment_rate_percent;;;;;;;;;;;;;;;;;;;;;;;;;;;;;;;;;;;;;;;;;;;;;;;;;;;;;;;;;;;;0.92;0.94;0.7;0.78;;;;1.68;1.33;1.71;2.0
irq;females_aged_55_64_unemployment_rate_percent;;;;;;;;;;;;;;;;;;;;;;;;;;;;;;;;;;;;;;;;;;;;;;;;;;;;;;;;;;;;;;;;;2.2105;;;;;
isl;females_aged_55_64_unemployment_rate_percent;;;;;;;;;;;;;;;;;;;;;;;;;;;;;;;;;;;;;;;;;;;;3.443;2.9989999999999997;4.408;3.813;2.3127;2.8988;;;;;;;2.4176;2.555;2.0216;1.7526;0.8933;0.5993;2.1842;3.4349;3.5687;3.864;3.4577;3.0698;3.2814;1.3615;1.5818
isr;females_aged_55_64_unemployment_rate_percent;;;;;;;;;;;;;;;;;;;;;;;;;;;2.01;;;;;;;;;;;;;;;;4.976;11.495999999999999;8.685;7.765;6.13;5.818;4.5569999999999995;5.272;5.5360000000000005;6.285;6.034;5.824;6.579;7.274;9.019;7.309;7.436;6.023;5.614;6.6160000000000005;5.845;5.046;4.3839999999999995;3.657;3.873;3.398;2.9989999999999997;3.0260000000000002
ita;females_aged_55_64_unemployment_rate_percent;;;;;;;;;;;;;;;;;;;;;;;;;;;;;;;32.58;49.59;35.38;;11.65;2.3631;1.5511;1.5894;2.6411;1.9668;2.0363;1.7785;2.0336;1.5942;2.371;3.5885;3.1653;4.8632;4.8689;4.3113;4.6930000000000005;5.5971;4.8663;4.524;4.2780000000000005;4.5085;4.4958;3.2826;2.9189;2.0925;2.8548;2.7862;2.9964;2.6768;4.1741;4.1978;4.4232;4.2599;4.755;5.03
jam;females_aged_55_64_unemployment_rate_percent;;;;;;;;;;;;;;;;;;;;;;;;;;;;;;;;;;;;;;;;;;;6.36;;;;10.0;;;;5.28;;;;;5.6;4.7;;;;3.41;;;;5.6992;5.6888;5.2867;7.513999999999999;5.6509;5.5256
jpn;females_aged_55_64_unemployment_rate_percent;;;;;;;;;;;;;;;;;;;;;0.5;0.5;0.5;0.5;1.0;0.5;0.5;1.4;0.9;1.3;1.3;1.2;1.2;1.6;1.5;1.8;2.1;2.0;2.0;2.2;2.2;1.8;1.4;1.6;1.3;1.6;1.9;2.1;2.6;2.5;2.9;3.3;3.6;3.7;3.8;3.9;3.0;2.7;2.8;2.4;2.6;3.4;3.3;3.074;3.0;2.8;2.5;2.3;2.3;2.2
kaz;females_aged_55_64_unemployment_rate_percent;;;;;;;;;;;;;;;;;;;;;;;;;;;;;;;;;;;;;;;;;;;;;;;;;;;;;;;5.35;5.36;6.74;;;;8.69;7.49;6.81;5.88;5.29;4.58;;;;
ken;females_aged_55_64_unemployment_rate_percent;;;;;;;;;;;;;;;;;;;;;;;;;;;;;;;;;;;;;;;;;;;;;;;;;;;;5.9409;;;;;;;;;;;;;;;;;;
kgz;females_aged_55_64_unemployment_rate_percent;;;;;;;;;;;;;;;;;;;;;;;;;;;;;;;;;;;;;;;;;;;;;;;;;;;;;;;10.15;;3.29;3.68;4.8;;;3.44;3.62;4.11;3.38;6.83;3.65;3.07;2.42;
khm;females_aged_55_64_unemployment_rate_percent;;;;;;;;;;;;;;;;;;;;;;;;;;;;;;;;;;;;;;;;;;;;;;;;;;;3.54;;;;;;;;;;1.09;;0.0;;0.3498;;;;;
kna;females_aged_55_64_unemployment_rate_percent;;;;;;;;;;;;;;;;;;;;;;;;;;;;;;;;;0.91;;;;;;;;;;;1.16;;;;;;;;;;1.05;;;;;;;;;;;;;;;;
kor;females_aged_55_64_unemployment_rate_percent;;;;;;;;;;;;;;;;;;;;;;;;;;;;;;;;;0.664;0.31;0.28;0.289;0.306;0.28300000000000003;0.271;0.254;0.24;0.275;0.254;0.131;0.249;0.245;0.23;0.43700000000000006;0.32;0.408;1.9980000000000002;2.1519999999999997;1.6478;1.0341;0.9184;1.3253;1.4780000000000002;1.6192;1.2641;1.3225;1.0503;1.6597;2.1877;1.6965;1.7212;1.2197;1.8638;1.9847;2.1111;1.9323
kos;females_aged_55_64_unemployment_rate_percent;;;;;;;;;;;;;;;;;;;;;;;;;;;;;;;;;;;;;;;;;;;;;;;;;;;;;;;;;;;;;;;;;1.89;;10.99;9.12;6.52;
kwt;females_aged_55_64_unemployment_rate_percent;;;;;;;;;;;;;;;;;;;;;;;;;;;;;;;;;;;;;;;;;;;;;;;;0.33;;;;;;;;;;0.78;;;;;;;;;;;;
lao;females_aged_55_64_unemployment_rate_percent;;;;;;;;;;;;;;;;;;;;;;;;;;;;;;;;;;;;;;;;;;;;;;;;;;;;;;;;;;;;;;;0.757;;;;;;;1.3530000000000002
lbn;females_aged_55_64_unemployment_rate_percent;;;;;;;;;;;;;;;;;;;;;;;;;;;;;;;;;;;;;;;;;;;;;;;;;;;;;;;;;1.74;;;6.38;;;;;;;;;;
lbr;females_aged_55_64_unemployment_rate_percent;;;;;;;;;;;;;;;;;;;;;;;;;;;;;;;;;;;;;;;;;;;;;;;;;;;;;;;;;;;;;;;0.3753;;;;;;;
lby;females_aged_55_64_unemployment_rate_percent;;;;;;;;;;;;;;;;;;;;;;;;;;;;;;;;;;;;;;;;;;;;;;;;;;;;;;;;;;;;;;;;;12.28;;;;;
lca;females_aged_55_64_unemployment_rate_percent;;;;;;;;;;;;;;;;;;;;;;;;;;;;;;;;;;;;;;;;;;;;;;;;;;;;;;;;16.59;16.59;;;;;;;;;;;;;
lka;females_aged_55_64_unemployment_rate_percent;;;;;;;;;;;;;;;;;;;;;;;;;;;;;;;;;;;;;;;;;;;;;;;;;;;;;;;;;;;;;;1.09;0.75;;;;;;;
lso;females_aged_55_64_unemployment_rate_percent;;;;;;;;;;;;;;;;;;;;;;;;;;;;;;;;;;;;;;;;;;;;;;;;;;;;27.03;;;;;;;;;32.38;;;;;;;;;
ltu;females_aged_55_64_unemployment_rate_percent;;;;;;;;;;;;;;;;;;;;;;;;;;;;;;;;;;;;;;;;;;;;;;;;;;5.25;6.4907;;5.501;9.7082;6.5426;16.2764;11.0205;6.4584;5.0904;3.3689;4.5836;8.8002;12.1197;11.0101;10.482999999999999;8.7005;7.9406;7.1418;6.478;6.3797
lux;females_aged_55_64_unemployment_rate_percent;;;;;;;;;;;;;;;;;;;;;;;;;;;;;;;;;;;;1.8130000000000002;1.8885;;;;;;;2.5573;;;;;;;;;;;;2.4115;1.9818;0.8519;2.4845;1.7196;3.0475;4.0055;2.1729;2.3534;2.4803;5.2559;4.1572;3.7666;4.1896;3.5454
lva;females_aged_55_64_unemployment_rate_percent;;;;;;;;;;;;;;;;;;;;;;;;;;;;;;;;;;;;;;;;;;;;;;;;;26.05;7.54;5.9129;9.9633;7.9198;7.7718;7.0788;9.4807;12.4895;7.1783;5.6191;4.0969999999999995;4.9121;10.860999999999999;13.0297;12.9664;13.7803;9.8516;8.5351;7.3292;7.0933;7.1064
mac;females_aged_55_64_unemployment_rate_percent;;;;;;;;;;;;;;;;;;;;;;;;;;;;;;;;;;;;;;;;;;;;;;;;;4.1667;0.0;4.3478;7.6923;3.5714;3.125;4.7619;4.6512;3.5088;3.1746;4.1096;3.3708;2.0;2.68;1.55;1.44;1.3;;1.63;0.5;1.3636;0.9122
mar;females_aged_55_64_unemployment_rate_percent;;;;;;;;;;;;;;;;;;;;;;;;;;;;;;;;;;;;;;;;;;;;;;;;;;;2.34;0.28;;0.47;0.31;0.41;0.2;0.14;0.49;;0.15;;;0.61;0.76;;;;;
mco;females_aged_55_64_unemployment_rate_percent;;;;;;;;;;;;;;;;;;;;;;;;;;;;;;;;;;;;;;;;;;;;;;;;;;;;;7.21;;;;;;;;;;;;;;;;8.2;
mda;females_aged_55_64_unemployment_rate_percent;;;;;;;;;;;;;;;;;;;;;;;;;;;;;;;;;;;;;;;;;;;;;;;;;;;;;;;1.35;1.53;2.47;2.22;2.07;1.17;0.91;2.51;2.1328;1.8355;1.1866;1.2965;0.5881;1.3579;0.7888;0.919
mdv;females_aged_55_64_unemployment_rate_percent;;;;;;;;;;;;;;;;;;;;;;;;;;;;;;;;;;;;;;;;;;;;;;;;;;;;;;;;;;;;;;;;;;;2.41;;1.2003;
mex;females_aged_55_64_unemployment_rate_percent;;;;;;;;;;;;;;;;;;;;;;;;;;;;;;;;;;;;;;;;;2.02;;;0.9690000000000001;0.975;1.4909999999999999;1.6440000000000001;3.835;1.4069999999999998;2.5869999999999997;0.648;0.32899999999999996;0.9440000000000001;0.804;0.44299999999999995;0.447;1.421;0.9759;1.0806;0.9538;0.9968;1.6262;1.6313;1.4935;1.848;1.4819;1.4095;1.4246;1.2247;1.1969
mkd;females_aged_55_64_unemployment_rate_percent;;;;;;;;;;;;;;;;;;;;;;;;;;;;;;;;;;;;;;;;;;;;;;;;;;;;;;;10.12;12.27;;;21.1678;20.4278;21.5237;22.7753;25.8448;24.2449;21.415;22.7317;18.9839;17.2354;14.2962;12.4422
mli;females_aged_55_64_unemployment_rate_percent;;;;;;;;;;;;;;;;;;;;;;;;;;;;;;;;;;;;;;;;;;;;;;;;;;;;;;;;;;;;;;;4.18;;;;5.0164;;0.35;
mlt;females_aged_55_64_unemployment_rate_percent;;;;;;;;;;;;;;;;;;;;;;;;;;;;;;;;;;;;;;;;;;;;;;;;;;;;;;;;;;;2.9198;5.5471;7.0009;7.3732;3.0956;3.1118;6.0761;5.2571;3.5343;3.2439;2.3337;2.7428
mmr;females_aged_55_64_unemployment_rate_percent;;;;;;;;;;;;;;;;;;;;;;;;;;;;;;;;;;;;;;;;;;;;;;;;;;;;;;;;;;;;;;;;;;;;0.3385;;0.7994
mne;females_aged_55_64_unemployment_rate_percent;;;;;;;;;;;;;;;;;;;;;;;;;;;;;;;;;;;;;;;;;;;;;;;;;;;;;;;;;;;;;;;;11.93;7.96;;;;;
mng;females_aged_55_64_unemployment_rate_percent;;;;;;;;;;;;;;;;;;;;;;;;;;;;;;;;;;;;;;;;;;;;;;;;;;;;;;;;;;;;;0.5468;;;;;;1.1375;;;
mnp;females_aged_55_64_unemployment_rate_percent;;;;;;;;;;;;;;;;;;;;;;;;;;;;;;;;;;;;;;;;;;;;;;;;;;;;;;;;16.06;;;;;;;;;;;;;;
moz;females_aged_55_64_unemployment_rate_percent;;;;;;;;;;;;;;;;;;;;;;;;;;;;;;;;;;;;;;;;;;;;;;;;;;;;;;;;;;;;;;;;;;;;0.3836;;
mrt;females_aged_55_64_unemployment_rate_percent;;;;;;;;;;;;;;;;;;;;;;;;;;;;;;;;;;;;;;;;;;;;;;;;;;;;;;;;;;;;;;;;;2.4942;;;;;
mtq;females_aged_55_64_unemployment_rate_percent;;;;;;;;;;;;;;;;;;;;;;;;;;;;;;;;;;;;;;;;;;;;;;;;;;;;15.46;;;;;;;;;7.23;;;;;;;;;
mus;females_aged_55_64_unemployment_rate_percent;;;;;;;;;;;;;;;;;;;;;;;;;;;;;;;;;;;;;;;;;;;;;;;;1.31;;;;;;1.2327;;2.2835;4.6591;4.7304;5.4857;4.0333;7.0939;2.6327;2.7846;3.1466;4.3407;2.2813;2.1334;1.7134;1.5427;
mwi;females_aged_55_64_unemployment_rate_percent;;;;;;;;;;;;;;;;;;;;;;;;;;;;;;;;;;;;;;;;;;;;;;;;;;;;;;;;;;;;;;;;;;3.4496;;;;
mys;females_aged_55_64_unemployment_rate_percent;;;;;;;;;;;;;;;;;;;;;;;;;;;;;;;;;;;;;;;;;;;;;;;;;;;;;;;;;;;;0.93;1.28;1.72;1.46;0.88;0.62;0.72;0.33;0.35;0.11;
nam;females_aged_55_64_unemployment_rate_percent;;;;;;;;;;;;;;;;;;;;;;;;;;;;;;;;;;;;;;;;;;;;;;;;;;;;;;;;;1.69;;;;;;;;4.2799;1.5515;3.1013;;5.1653;
ncl;females_aged_55_64_unemployment_rate_percent;;;;;;;;;;;;;;;;;;;;;;;;;;;;;;;;;;;;;;;;;;;;;;;;;;;;;;;;;;;;;;;;;;;3.85;;;
ner;females_aged_55_64_unemployment_rate_percent;;;;;;;;;;;;;;;;;;;;;;;;;;;;;;;;;;;;;;;;;;;;;;;;;;;;;;0.82;;;;;;;;;;;;;;;;
nga;females_aged_55_64_unemployment_rate_percent;;;;;;;;;;;;;;;;;;;;;;;;;;;;;;;;;;;;;;;0.97;;;;;;;;;;;;;;;;;;;;;;;;;;;;;;;
nic;females_aged_55_64_unemployment_rate_percent;;;;;;;;;;;;;;;;;;;;;;;;;;;;;;;;;;;;;;;;;;12.56;39.75;;;;;;;;;;;;;;;;0.54;;;;;;1.4180000000000001;;0.1773;;;
niu;females_aged_55_64_unemployment_rate_percent;;;;;;;;;;;;;;;;;;;;;;;;;;;;;;;;;;;;;;;;;;;;;;;;;;;;;;0.0;;;;;;;;;;;;;;;;
nld;females_aged_55_64_unemployment_rate_percent;;;;;;;;;;;;;;;;;;;;;;;;;;;;;;7.76;;9.54;;;;6.3162;;4.4595;;6.922999999999999;7.835;6.693;6.3156;5.0731;5.2549;5.091;4.8715;3.2193;5.0887;5.476;3.5341;3.9014;2.135;1.1166;1.5993;2.0729;3.1132;3.5903;3.4305;3.2114;2.9564;2.8695;3.7116;4.854;5.1669;6.1778;7.2475;7.5914;7.4187;5.8442
nor;females_aged_55_64_unemployment_rate_percent;;;;;;;;;;;;;;;;;;;;;;;;;;;;;;;;;;;;;0.85;0.86;0.86;0.88;0.91;1.9;1.923;1.905;1.923;2.0;1.942;2.1106;1.4066;1.5152;1.5158;1.0975;0.5884;0.8536;1.4003;1.1778;0.8883;1.1824;0.9149;0.8161;0.8622;0.5719;0.9118;1.1009;0.8715;1.1416;1.0453;1.5195;1.2262;0.938
npl;females_aged_55_64_unemployment_rate_percent;;;;;;;;;;;;;;;;;;;;;;;;;;;;;;;;;;;;;;;;;;;;;;;;;;;;;;;;;;;;;0.0867;;;;;;;;;
nru;females_aged_55_64_unemployment_rate_percent;;;;;;;;;;;;;;;;;;;;;;;;;;;;;;;;;;;;;;;;;;;;;;;;;;;;;;;11.54;;;;;;;;;;;;;;;
nzl;females_aged_55_64_unemployment_rate_percent;;;;;;;;;;;;;;;;;;;;;;;;;;;;;;;;;;;;;;;1.6871;1.4308;2.6604;3.2004;4.053999999999999;4.435;4.904;3.96;3.5580000000000003;2.946;2.6189999999999998;3.035;4.336;4.1610000000000005;3.563;2.842;3.383;3.8154;2.636;1.9769999999999999;2.15;1.33;1.74;2.465;2.943;3.35;3.8360000000000003;4.05;3.1189999999999998;3.397;3.13;2.798
pak;females_aged_55_64_unemployment_rate_percent;;;;;;;;;;;;;;;;;;;;;;;;;;;;;;;;;;;;;;;;;;;1.24;;;;;30.46;;23.84;25.44;;29.94;;33.42;;24.69;;;;;;;;;0.8168;;0.9311;;
pan;females_aged_55_64_unemployment_rate_percent;;;;;;;;;;;;;;;;;;;;;;;;;;;;;;;;;;;;;;;;;;;;;;;;;;;;;;;;;;;;;;3.23;1.0415;;;;1.1223;;0.6196;
per;females_aged_55_64_unemployment_rate_percent;;;;;;;;;;;;;;;;;;;;;;;;;;;;;;;;;;;;;;;;;;;;;;;;;;;;;;;3.1310000000000002;2.1219;2.4251;2.2927;2.427;2.5547;1.9349;1.8531;3.2714;2.3856;1.4125;1.6348;1.0572;1.3116;1.6092;1.3049
phl;females_aged_55_64_unemployment_rate_percent;;;;;;;;;;;;;;;;;;;;;;;;;;;;;;;;;;;;;;2.13;;5.99;4.92;5.06;9.31;4.94;3.71;5.42;5.33;4.66;3.93;4.56;4.9;3.5;4.27;0.2509;4.54;0.2883;0.3072;0.3929;0.3057;0.2892;0.2041;0.2056;0.2954;0.2446;0.2866;0.3271;0.254;;0.3704;0.3292
plw;females_aged_55_64_unemployment_rate_percent;;;;;;;;;;;;;;;;;;;;;;;;;;;;;;;;;;;;;;;;;;;;;;;;9.49;;;;;4.2857;;;;;;;;;;;;;;;;;
png;females_aged_55_64_unemployment_rate_percent;;;;;;;;;;;;;;;;;;;;;;;;;;;;;;;;;;;;;;;;;;;;;;;;;;;;;;;;;;;;;;;0.9534;;;;;;;
pol;females_aged_55_64_unemployment_rate_percent;;;;;;;;;;;;;;;;;;;;;;;;;;;;;;;;;;;;;;;;;;;;;6.0360000000000005;6.301;6.425;4.894;5.194;5.0228;5.2889;5.5631;10.6223;7.4972;7.6532;10.2951;8.7084;8.4429;6.1621;5.7373;4.3847;5.5185;6.5039;6.2096;6.6319;6.916;6.3506;4.8172;3.5119;3.0826
pri;females_aged_55_64_unemployment_rate_percent;;;;;;;;;;;;;;;;;;;;;;;;;;;;;6.65;7.15;5.51;;;5.28;4.63;;;;8.35;;;;;;6.67;9.09;;2.94;2.7;8.33;8.11;2.63;;;6.12;4.0;1.92;3.57;6.25;6.35;3.23;;;;;;;;;
prt;females_aged_55_64_unemployment_rate_percent;;;;;;;;;;;;;;;;;;;;;;;;;;;;;;;0.32;0.66;;;;;;;2.1904;1.8554;1.4533;1.609;1.3845;1.7462;0.8977;2.0283;2.0886;2.6126;3.59;3.3612;2.9133;2.3197;2.5767;2.5789999999999997;3.6859;3.4665;4.7997;5.1955;5.1602;5.8036;5.7622;6.9215;7.6841;9.5474;10.6957;12.55;11.4444;10.722999999999999;9.0482;8.0602
pry;females_aged_55_64_unemployment_rate_percent;;;;;;;;;;;;;;;;;;;;;;;;;;;;;;;;;;;;;;;;;;;;;;;0.49;;;;;;;;4.0656;0.7879;;;;;;;;;;;1.1879;1.3682;1.0649;0.7472
pse;females_aged_55_64_unemployment_rate_percent;;;;;;;;;;;;;;;;;;;;;;;;;;;;;;;;;;;;;;;;;;;;;;;;;;;;;;;4.0029;1.7524;;2.0927;1.8605;2.4083;2.6292;3.8273;2.6394;2.5591;1.5379;;3.0311;4.0453;6.3020000000000005;7.5669
pyf;females_aged_55_64_unemployment_rate_percent;;;;;;;;;;;;;;;;;;;;;;;;;;;;;;;;;;;;;;;;;;;;;;;;;;;;;;;1.32;;;;;0.7;;;;;2.35;;;;;
qat;females_aged_55_64_unemployment_rate_percent;;;;;;;;;;;;;;;;;;;;;;;;;;;;;;;;;;;;;;;;;;;;;;;;;;0.58;;;;;;;;;;;;0.0;;0.0;0.0;0.0;0.0;0.0;0.0;
reu;females_aged_55_64_unemployment_rate_percent;;;;;;;;;;;;;;;;;;;;;;;;;;;;;;;;;;;;;;;;;;;4.14;;;;;;;;;;;;;;;;;;;;;;18.13;;;;10.26;
rou;females_aged_55_64_unemployment_rate_percent;;;;;;;;;;;;;;;;;;;;;;;;;;;;;;;;;;;;;;;;;;;;;0.59;;;0.67;0.63;0.3802;;0.3482;0.4204;0.4099;0.85;0.8892;1.537;1.234;0.9238;0.7185;0.7316;1.5825;1.719;1.4445;1.7748;2.3784;2.1536;2.1775;2.2855;2.3303
rus;females_aged_55_64_unemployment_rate_percent;;;;;;;;;;;;;;;;;;;;;;;;;;;;;;;;;;;;;;;;;;;;;5.557;4.7410000000000005;5.667000000000001;6.202000000000001;6.122999999999999;7.2;8.16;9.742;7.095;5.903;4.845;4.838;4.467;3.465;3.425;2.6460000000000004;3.425;4.7589999999999995;4.0872;3.6958;2.5073;3.0424;2.7326;3.0407;2.9247;3.2095
rwa;females_aged_55_64_unemployment_rate_percent;;;;;;;;;;;;;;;;;;;;;;;;;;;;;;;;;;;;;;;;;;;;;;;;;0.07;;;;;;;;;;;;;;;;2.46;;;;;11.215
sau;females_aged_55_64_unemployment_rate_percent;;;;;;;;;;;;;;;;;;;;;;;;;;;;;;;;;;;;;;;;;;;;;;;;;;;;4.69;;;;;;;;0.0;1.5748;0.0;;0.0;0.0;0.0;0.0;0.0;0.72;
sen;females_aged_55_64_unemployment_rate_percent;;;;;;;;;;;;;;;;;;;;;;;;;;;;;;;;;;;;;;;;;;;;;;;;;;;;;;;;;;;;;;;;6.45;;;;1.2409;;
sgp;females_aged_55_64_unemployment_rate_percent;;;;;;;;;;;;;;;;;;;;;;;;;;;;;;;1.11;1.13;0.86;;0.6;0.53;1.51;;3.53;2.46;0.79;0.69;;1.2;1.67;1.57;2.7;1.38;2.73;1.14;2.18;4.83;5.15;2.29;3.78;2.97;3.18;;4.03;3.25;3.09;4.76;2.63;3.14;3.12;2.99;2.84;3.02;3.52;
shn;females_aged_55_64_unemployment_rate_percent;;;;;;;;;;;;;;;;;;;;;;;;;;;;;;;;;;;;;;;;;;;;;;;;;;;4.76;;;;;;;;;;;;;;;;;;;
slv;females_aged_55_64_unemployment_rate_percent;;;;;;;;;;;;;;;;;;;;;;;;;;;;;;;;;;;;;;;;;;;;;1.66;;;;1.72;0.53;0.71;;;;;;;;0.53;1.32;;1.12;0.8046;;;;;0.9586;;
smr;females_aged_55_64_unemployment_rate_percent;;;;;;;;;;;;;;;;;;;;;;;;;;;;;;;;;;;;;;;;;;;;;;;;;;;;;;;;;;;;;;3.01;2.5;;;;;5.1;4.57;
srb;females_aged_55_64_unemployment_rate_percent;;;;;;;;;;;;;;;;;;;;;;;;;;;;;;;;;;;;;;;;;;;;;;;;;;;;;;;;;;8.34;11.38;8.61;6.4753;6.5795;9.3471;12.2489;14.544;11.9393;10.1632;9.9617;7.7655;6.5732
ssd;females_aged_55_64_unemployment_rate_percent;;;;;;;;;;;;;;;;;;;;;;;;;;;;;;;;;;;;;;;;;;;;;;;;;;;;;;;;;;;;;10.04;;;;;;;;;
stp;females_aged_55_64_unemployment_rate_percent;;;;;;;;;;;;;;;;;;;;;;;;;;;;;;;;;;;;;;;;;;;;0.7;;;;;;;;;;;;;;;;;;;;;;;;;;
sur;females_aged_55_64_unemployment_rate_percent;;;;;;;;;;;;;;;;;;;;;;;;;;;;;;;;;;;;;;;;;;;;;;;;;;;;13.21;;;;;;;;;;3.84;;1.82;1.33;3.88;1.12;;;
svk;females_aged_55_64_unemployment_rate_percent;;;;;;;;;;;;;;;;;;;;;;;;;;;;;;;;;;;;;;;;;;;;;;;12.288;11.489;4.833;5.785;5.9833;6.1658;8.0464;10.0299;14.665;9.6751;15.4946;13.9988;9.5074;9.0175;8.4689;9.921;11.0271;9.0561;11.5618;11.6404;11.6981;10.6208;9.6692;6.436
svn;females_aged_55_64_unemployment_rate_percent;;;;;;;;;;;;;;;;;;;;;;;;;;;;;;;;;;;;;;;;;;;;1.01;;;;;2.4619999999999997;;1.8127;;;4.4345;1.8426;2.7942;1.724;2.4427;2.1802;3.7963;4.8311;3.1617;3.5885;4.04;5.3809;6.3479;6.6397;7.2075;5.1379;5.2617
swe;females_aged_55_64_unemployment_rate_percent;;;;;;;;;;;;;;;;;;;;;;;;;;;;1.65;1.61;;;;;;3.09;3.75;5.15;4.91;2.1;2.05;;1.06;1.754;2.0980000000000003;2.878;4.428;5.204;7.9325;7.4409;8.2637;5.4759;6.0425;4.5795;3.9249;3.9098;3.5414;4.0529;3.4484;3.8179;3.5226;3.4182;4.5873;4.8181;4.4717;4.6109;4.2223;4.5399;4.5681;4.3786;4.3758
swz;females_aged_55_64_unemployment_rate_percent;;;;;;;;;;;;;;;;;;;;;;;;;;;;;;;;;;;;;;;;;;;;;;;;4.78;;;;;;;;;;;;;;;;;;;;;6.9521;
syc;females_aged_55_64_unemployment_rate_percent;;;;;;;;;;;;;;;;;;;;;;;;;;;;;;;;;;7.36;;;;2.64;;;;;;;;;;;;;;;;;;;;;;;;;;1.2;;;;1.2397;1.3556;
syr;females_aged_55_64_unemployment_rate_percent;;;;;;;;;;;;;;;;;;;;;;;;;;;;;;;;;;;;;;;;;;;;;;;;;;;;;;;8.85;6.15;;;;2.05;;2.56;1.28;;;;;;;
tgo;females_aged_55_64_unemployment_rate_percent;;;;;;;;;;;;;;;;;;;;;;;;;;;;;;;;;;;;;;;;;;;;;;;;;;;;;;;;;;;;;;;;0.3724;;;;;;
tha;females_aged_55_64_unemployment_rate_percent;;;;;;;;;;;;;;;;;;;;;;;;;;;;;;;;;;;1.54;;;;;1.45;0.6;0.7;0.66;;;;0.12;;1.16;0.31;1.44;0.46;0.59;0.59;;0.48;0.43;0.17;0.11;0.39;0.11;0.23;0.0485;0.14;0.05;;0.0376;0.0248;0.0222;
tjk;females_aged_55_64_unemployment_rate_percent;;;;;;;;;;;;;;;;;;;;;;;;;;;;;;;;;;;;;;;;;;;;;;;;;;;;;;;;;;;;;;3.4763;;;;;;;;
tto;females_aged_55_64_unemployment_rate_percent;;;;;;;;;;;;;;;;;;;;;;;;;;;;;;;;;;;;3.8;;8.75;9.9;33.06;15.22;12.16;4.29;9.52;;11.24;;10.11;10.2;;9.91;7.22;5.45;;3.45;;;8.37;5.85;6.74;3.32;1.99;2.9727;1.7003;2.4037;;1.2373;1.0788;1.2803;
tun;females_aged_55_64_unemployment_rate_percent;;;;;;;;;;;;;;;;;;;;;;;;;;;;;;;;;;;;;;;;;;;;;;;;;;2.67;;;;;;;;1.5439;2.0321;1.1035;2.1687;;3.1868;;1.7451;0.6594;;;;
tur;females_aged_55_64_unemployment_rate_percent;;;;;;;;;;;;;;;;;;;;;;;;;;;;;;;;;;;;;;;;;1.31;1.14;0.9520000000000001;0.418;0.449;0.595;0.655;0.42;0.38299999999999995;0.8059999999999999;0.589;0.188;0.45399999999999996;0.449;1.245;1.094;0.813;0.5920000000000001;0.753;1.0231;0.9982;1.4155;1.2007;1.3569;1.5576;2.1899;2.3204;3.3251;2.9858;3.1267
twn;females_aged_55_64_unemployment_rate_percent;;;;;;;;;;;;;;;;;;;;;;;;;;;;;;;0.0;0.0;0.0;0.0;0.0;0.0;0.0;0.0;0.0;0.0;0.0;0.0;0.0;0.0;0.0;0.0;0.0;0.0;0.0;0.0;0.0;0.5025;0.5208;0.5525;0.5464;2.5253;1.9324;1.8265;1.7241;1.0909;1.6340000000000001;1.5244;1.3812;1.2853;0.9592;1.3245;1.1834;1.1385;1.2821;1.2478
tza;females_aged_55_64_unemployment_rate_percent;;;;;;;;;;;;;;;;;;;;;;;;;;;;;;;;;;;;;;;;;;;;;;;;;;;;;;0.7118;;;;;1.7007;;;;;0.65;;0.48;0.4459;;;
uga;females_aged_55_64_unemployment_rate_percent;;;;;;;;;;;;;;;;;;;;;;;;;;;;;;;;;;;;;;;;;;;;0.12;;;;;;;;;;;;;;;;;;;;;;0.48;;;;
ukr;females_aged_55_64_unemployment_rate_percent;;;;;;;;;;;;;;;;;;;;;;;;;;;;;;;;;;;;;;;;;;;;;;;;;;;;;;;;;1.67;0.37;;;;0.15;0.11;0.09;0.07;0.67;1.38;1.48;2.53;
ury;females_aged_55_64_unemployment_rate_percent;;;;;;;;;;;;;;;;;;;;;;;;;;;;;;;;;;;;;11.41;;;;;;5.52;4.33;4.73;3.16;2.27;3.72;9.13;;5.2;;7.5;10.12;;10.32;6.9966;6.7466;6.9637;5.0022;5.3227;4.3932;3.2621;3.1180000000000003;2.7417;2.7856;2.9404;3.5284;3.85;3.4836
usa;females_aged_55_64_unemployment_rate_percent;3.1;4.4;4.5;4.0;2.5;2.5;4.6;3.8;3.6;3.0;4.5;4.1;3.4;4.5;3.5;3.6;3.3;2.8;2.3;2.4;2.2;2.2;2.7;3.3;3.3;2.8;3.2;5.1;4.9;4.4;3.2;3.2;3.3;3.8;5.2;5.0;4.3;4.3;3.8;3.1;2.7;2.8;2.8;3.4;4.2;4.0;3.8014;3.5908;3.4019;2.6429;2.3712;2.6313;2.5218;2.6927;3.4759;3.6958;3.6462;3.3456;2.9277;2.9785;3.6746;6.0065;6.2365;6.0946;5.5696;4.9918;4.1843;3.5983;3.3005;3.0564
vct;females_aged_55_64_unemployment_rate_percent;;;;;;;;;;;;;;;;;;;;;;;;;;;;;;;;;;;;;;;;;;;;5.42;;;;;;;;;;;;;;;;;;;;;;;;;;
ven;females_aged_55_64_unemployment_rate_percent;;;;;;;;;;;;;;;;;;;;;;;;;;;;;;;;;;;;;;;;;;;4.73;;;;;;;;;;;1.63;;;;;4.3;2.73;;4.16;3.36;3.52;1.97;;;;;
vgb;females_aged_55_64_unemployment_rate_percent;;;;;;;;;;;;;;;;;;;;;;;;;;;;;;;;;;;;;;;;;;;;2.76;;;;;;;;;;;;;;;;;;;;;;;;;;
vnm;females_aged_55_64_unemployment_rate_percent;;;;;;;;;;;;;;;;;;;;;;;;;;;;;;;;;;;;;;;;;;;;;;;;;;;;;;;;;0.59;;;0.3366;;;0.079;0.1168;0.0899;0.1228;0.1186;0.3006;0.3848;0.366
vut;females_aged_55_64_unemployment_rate_percent;;;;;;;;;;;;;;;;;;;;;;;;;;;;;;;;;;;;;;;;;;;;;;;;;;;;;;;;;;;;;;1.79;;;;;;;;
wsm;females_aged_55_64_unemployment_rate_percent;;;;;;;;;;;;;;;;;;;;;;;;;;;;;;;;;;;;;;;;;;;;;;;;;;;;;;0.21;;;;;0.07;;;;;0.61;4.011;;3.98;;;
yem;females_aged_55_64_unemployment_rate_percent;;;;;;;;;;;;;;;;;;;;;;;;;;;;;;;;;;;;;;;;;;;;;;;1.09;;;;;1.87;;;;;;;;;;;39.62;;;;;;;
zaf;females_aged_55_64_unemployment_rate_percent;;;;;;;;;;;;;;;;;;;;;;;;;;;;;;;;;;;;;;;;;;;;;;;;;;;;;;7.2170000000000005;7.632000000000001;6.553;5.76;5.707000000000001;3.8680000000000003;4.504;4.6587;4.5345;6.1738;4.9495;5.2789;5.9183;7.0504;6.9361;6.2565;8.4358
zmb;females_aged_55_64_unemployment_rate_percent;;;;;;;;;;;;;;;;;;;;;;;;;;;;;;;;;;;;;;;;;;;;;;;;;;;;;2.46;;;;;;;;;;;;2.26;;;;;
zwe;females_aged_55_64_unemployment_rate_percent;;;;;;;;;;;;;;;;;;;;;;;;;;;;;;;;;;;;;;;;;;;;;;;;;;0.2;;0.37;;;;;0.63;;;;;;;;;;;;;
